Country,Year,Crop,Pesticide_Usage,Avg_temperature,Average_rainfall_mm_per_year,climate_factor,yield_lag,rolling_avg_yield,Actual_Yield,Predicted_Yield,Error(%)
Albania,2009,Maize,1132.5,16.73,1485.0,24844.05,50000.0,47696.4,55693,54454.77,2.2233135223457228
Albania,2010,Maize,1311.17,16.52,1485.0,24532.2,55693.0,49595.6,66790,56842.54,14.893636771971853
Albania,2011,Maize,1302.63,16.45,1485.0,24428.25,66790.0,53865.2,59869,63042.74,-5.301140824132687
Albania,2012,Maize,766.25,16.7,1485.0,24799.5,59869.0,55816.8,67290,60872.35,9.537301233467085
Albania,2013,Maize,982.32,17.41,1485.0,25853.85,67290.0,59928.4,69533,63706.08,8.380078523866363
Albania,2009,Potatoes,1132.5,16.73,1485.0,24844.05,193878.0,173986.4,219780,196765.67,10.471530621530615
Albania,2010,Potatoes,1311.17,16.52,1485.0,24532.2,219780.0,188073.2,231111,215412.17,6.792766246522228
Albania,2011,Potatoes,1302.63,16.45,1485.0,24428.25,231111.0,200883.2,242211,226730.28,6.391419051983601
Albania,2012,Potatoes,766.25,16.7,1485.0,24799.5,242211.0,215176.4,250538,243067.73,2.9816914001069654
Albania,2013,Potatoes,982.32,17.41,1485.0,25853.85,250538.0,227503.6,260110,240938.58,7.370504786436513
Albania,2009,Soybeans,1132.5,16.73,1485.0,24844.05,20000.0,18166.6,16667,19050.07,-14.298134037319251
Albania,2010,Soybeans,1311.17,16.52,1485.0,24532.2,16667.0,18833.4,16667,19135.12,-14.808423831523362
Albania,2011,Soybeans,1302.63,16.45,1485.0,24428.25,16667.0,18666.8,18519,19196.53,-3.658566877261185
Albania,2012,Soybeans,766.25,16.7,1485.0,24799.5,18519.0,18370.6,13333,19081.31,-43.113402835070886
Albania,2013,Soybeans,982.32,17.41,1485.0,25853.85,13333.0,17037.2,10000,15655.78,-56.5578
Albania,2009,Wheat,1132.5,16.73,1485.0,24844.05,40168.0,33832.6,40229,43298.42,-7.629868999975138
Albania,2010,Wheat,1311.17,16.52,1485.0,24532.2,40229.0,35652.4,39905,43591.47,-9.238115524370382
Albania,2011,Wheat,1302.63,16.45,1485.0,24428.25,39905.0,37317.0,42301,41690.86,1.4423772487648032
Albania,2012,Wheat,766.25,16.7,1485.0,24799.5,42301.0,39619.8,41096,42974.78,-4.57168580883784
Albania,2013,Wheat,982.32,17.41,1485.0,25853.85,41096.0,40739.8,41292,45129.41,-9.293349801414326
Algeria,2009,Maize,3867.99,17.78,89.0,1582.42,44714.0,52320.0,30914,51726.87,-67.325063078217
Algeria,2010,Maize,1295.88,17.59,89.0,1565.51,30914.0,52157.0,25827,35720.83,-38.30808843458397
Algeria,2011,Maize,13861.76,17.79,89.0,1583.31,25827.0,50549.6,23374,32126.88,-37.44707794985882
Algeria,2012,Maize,17379.76,17.91,89.0,1593.99,23374.0,42090.8,25583,31574.65,-23.420435445412977
Algeria,2013,Maize,17278.65,17.65,89.0,1570.85,25583.0,30082.4,33649,32884.64,2.271568248684955
Algeria,2009,Potatoes,3867.99,17.78,89.0,1582.42,236393.0,213372.2,250764,248016.44,1.0956756153195824
Algeria,2010,Potatoes,1295.88,17.59,89.0,1565.51,250764.0,222808.0,270526,244668.67,9.558168161285787
Algeria,2011,Potatoes,13861.76,17.79,89.0,1583.31,270526.0,233659.8,292806,260922.94,10.88880009289427
Algeria,2012,Potatoes,17379.76,17.91,89.0,1593.99,292806.0,248083.2,304291,278583.2,8.448426013257043
Algeria,2013,Potatoes,17278.65,17.65,89.0,1570.85,304291.0,270956.0,303218,307322.57,-1.353669637026828
Algeria,2009,"Rice, paddy",3867.99,17.78,89.0,1582.42,13952.0,13184.6,14594,13626.58,6.628888584349733
Algeria,2010,"Rice, paddy",1295.88,17.59,89.0,1565.51,14594.0,13537.6,15305,14915.15,2.547206795164981
Algeria,2011,"Rice, paddy",13861.76,17.79,89.0,1583.31,15305.0,13999.0,16081,15662.83,2.600397985199926
Algeria,2012,"Rice, paddy",17379.76,17.91,89.0,1593.99,16081.0,14661.4,16667,17779.93,-6.67744645107098
Algeria,2013,"Rice, paddy",17278.65,17.65,89.0,1570.85,16667.0,15319.8,17778,22515.21,-26.646473169085382
Algeria,2009,Sorghum,3867.99,17.78,89.0,1582.42,61786.0,62875.0,90465,90717.86,-0.2795114132537452
Algeria,2010,Sorghum,1295.88,17.59,89.0,1565.51,90465.0,72304.8,30286,58166.34,-92.05685795417024
Algeria,2011,Sorghum,13861.76,17.79,89.0,1583.31,30286.0,71664.8,100000,34602.36,65.39764
Algeria,2012,Sorghum,17379.76,17.91,89.0,1593.99,100000.0,80319.2,206000,83423.01,59.50339320388349
Algeria,2013,Sorghum,17278.65,17.65,89.0,1570.85,206000.0,97707.4,60000,201573.96,-235.9566
Algeria,2009,Wheat,3867.99,17.78,89.0,1582.42,11038.0,13497.4,15975,12958.53,18.882441314553986
Algeria,2010,Wheat,1295.88,17.59,89.0,1565.51,15975.0,13976.0,14838,16476.67,-11.04373904838926
Algeria,2011,Wheat,13861.76,17.79,89.0,1583.31,14838.0,13932.2,17405,15490.22,11.001321459350764
Algeria,2012,Wheat,17379.76,17.91,89.0,1593.99,17405.0,14399.6,17639,20652.13,-17.082204206587683
Algeria,2013,Wheat,17278.65,17.65,89.0,1570.85,17639.0,15379.0,19100,22246.71,-16.47492146596858
Angola,2009,Cassava,40.0,24.33,1010.0,24573.3,148084.0,124781.0,151759,152321.19,-0.3704491990590359
Angola,2010,Cassava,40.0,24.44,1010.0,24684.4,151759.0,130011.8,155782,151173.78,2.9581209639111075
Angola,2011,Cassava,40.0,24.15,1010.0,24391.5,155782.0,137642.6,133649,155521.62,-16.365719159888958
Angola,2012,Cassava,40.0,24.24,1010.0,24482.399999999998,133649.0,140932.2,100073,133577.03,-33.47958989937346
Angola,2013,Cassava,40.0,24.55,1010.0,24795.5,100073.0,137869.4,140517,119422.26,15.012233395247554
Angola,2009,Maize,40.0,24.33,1010.0,24573.3,7946.0,5972.8,6614,7713.15,-16.61853643785908
Angola,2010,Maize,40.0,24.44,1010.0,24684.4,6614.0,6214.8,7200,5829.75,19.03125
Angola,2011,Maize,40.0,24.15,1010.0,24391.5,7200.0,6307.6,7376,6503.81,11.824701735357912
Angola,2012,Maize,40.0,24.24,1010.0,24482.399999999998,7376.0,6845.4,7770,7810.49,-0.5211068211068183
Angola,2013,Maize,40.0,24.55,1010.0,24795.5,7770.0,7381.2,9467,8401.96,11.250026407520872
Angola,2009,Potatoes,40.0,24.33,1010.0,24573.3,85085.0,48633.4,86509,81324.85,5.992613485302101
Angola,2010,Potatoes,40.0,24.44,1010.0,24684.4,86509.0,61905.2,87425,81964.76,6.2456276808693225
Angola,2011,Potatoes,40.0,24.15,1010.0,24391.5,87425.0,74661.0,81366,83659.55,-2.8188063810436828
Angola,2012,Potatoes,40.0,24.24,1010.0,24482.399999999998,81366.0,80504.6,69381,72750.81,-4.856963722056467
Angola,2013,Potatoes,40.0,24.55,1010.0,24795.5,69381.0,81953.2,63303,78762.53,-24.42148081449536
Angola,2009,"Rice, paddy",40.0,24.33,1010.0,24573.3,5084.0,6747.0,6028,5566.5,7.655938951559389
Angola,2010,"Rice, paddy",40.0,24.44,1010.0,24684.4,6028.0,5635.8,7403,6333.12,14.451978927461843
Angola,2011,"Rice, paddy",40.0,24.15,1010.0,24391.5,7403.0,5721.0,8914,7678.26,13.862912272829256
Angola,2012,"Rice, paddy",40.0,24.24,1010.0,24482.399999999998,8914.0,6514.4,7703,8335.13,-8.206283266259888
Angola,2013,"Rice, paddy",40.0,24.55,1010.0,24795.5,7703.0,7026.4,12744,8231.43,35.409369114877585
Angola,2009,Sorghum,40.0,24.33,1010.0,24573.3,929.0,3143.4,2480,2272.07,8.38427419354838
Angola,2010,Sorghum,40.0,24.44,1010.0,24684.4,2480.0,2972.8,2814,3105.93,-10.374200426439227
Angola,2011,Sorghum,40.0,24.15,1010.0,24391.5,2814.0,2869.0,3320,3594.88,-8.27951807228916
Angola,2012,Sorghum,40.0,24.24,1010.0,24482.399999999998,3320.0,2714.8,998,3563.52,-257.066132264529
Angola,2013,Sorghum,40.0,24.55,1010.0,24795.5,998.0,2108.2,2415,2353.37,2.5519668737060086
Angola,2009,Soybeans,40.0,24.33,1010.0,24573.3,8575.0,5427.4,4449,7575.65,-70.27759046976848
Angola,2010,Soybeans,40.0,24.44,1010.0,24684.4,4449.0,5597.2,4446,5548.75,-24.80319388214125
Angola,2011,Soybeans,40.0,24.15,1010.0,24391.5,4446.0,5727.8,5294,5541.29,-4.671137136380808
Angola,2012,Soybeans,40.0,24.24,1010.0,24482.399999999998,5294.0,5929.4,1641,5981.03,-264.4747105423522
Angola,2013,Soybeans,40.0,24.55,1010.0,24795.5,1641.0,4881.0,4405,5177.35,-17.53348467650398
Angola,2009,Sweet potatoes,40.0,24.33,1010.0,24573.3,65437.0,52010.2,66475,65288.33,1.7851372696502419
Angola,2010,Sweet potatoes,40.0,24.44,1010.0,24684.4,66475.0,56233.2,63001,64402.09,-2.223917080681254
Angola,2011,Sweet potatoes,40.0,24.15,1010.0,24391.5,63001.0,59601.6,65512,71573.23,-9.252091219929168
Angola,2012,Sweet potatoes,40.0,24.24,1010.0,24482.399999999998,65512.0,63856.0,52954,66870.61,-26.280564263322887
Angola,2013,Sweet potatoes,40.0,24.55,1010.0,24795.5,52954.0,62675.8,73409,56310.38,23.292266615810053
Angola,2009,Wheat,40.0,24.33,1010.0,24573.3,10000.0,10677.6,10000,10221.11,-2.211100000000006
Angola,2010,Wheat,40.0,24.44,1010.0,24684.4,10000.0,10189.2,10526,10141.55,3.6523845715371532
Angola,2011,Wheat,40.0,24.15,1010.0,24391.5,10526.0,10105.2,10959,10232.82,6.626334519572956
Angola,2012,Wheat,40.0,24.24,1010.0,24482.399999999998,10959.0,10297.0,11258,10163.45,9.722419612719838
Angola,2013,Wheat,40.0,24.55,1010.0,24795.5,11258.0,10548.6,9022,10145.99,-12.458324096652625
Argentina,2009,Cassava,61586.56,18.125,591.0,10711.875,100000.0,100000.0,101695,100065.71,1.6021338315551341
Argentina,2010,Cassava,105915.04,17.585,591.0,10392.735,101695.0,100339.0,101000,100755.04,0.24253465346535286
Argentina,2011,Cassava,100424.62,17.755,591.0,10493.205,101000.0,100539.0,100000,102014.12,-2.0141199999999952
Argentina,2012,Cassava,136185.08,18.305,591.0,10818.255,100000.0,100539.0,100000,101476.45,-1.476449999999997
Argentina,2013,Cassava,171945.54,16.665,591.0,9849.015,100000.0,100539.0,99459,100713.12,-1.260941694567606
Argentina,2009,Maize,61586.56,18.125,591.0,10711.875,64525.0,67545.6,55760,72679.92,-30.344189383070297
Argentina,2010,Maize,105915.04,17.585,591.0,10392.735,55760.0,65911.4,78040,62188.35,20.31221168631471
Argentina,2011,Maize,100424.62,17.755,591.0,10493.205,78040.0,66802.0,63503,75128.28,-18.306662677353824
Argentina,2012,Maize,136185.08,18.305,591.0,10818.255,63503.0,67696.6,57346,69263.83,-20.782321347609255
Argentina,2013,Maize,171945.54,16.665,591.0,9849.015,57346.0,63834.8,66037,64651.12,2.098641670578611
Argentina,2009,Potatoes,61586.56,18.125,591.0,10711.875,279412.0,284927.8,284439,284165.23,0.09624910789308731
Argentina,2010,Potatoes,105915.04,17.585,591.0,10392.735,284439.0,284072.2,289849,281781.96,2.7831871077699004
Argentina,2011,Potatoes,100424.62,17.755,591.0,10493.205,289849.0,285258.6,286657,276780.46,3.445420833958347
Argentina,2012,Potatoes,136185.08,18.305,591.0,10818.255,286657.0,285424.4,287821,283269.58,1.5813370115453647
Argentina,2013,Potatoes,171945.54,16.665,591.0,9849.015,287821.0,285635.6,288984,287705.83,0.44229784347921813
Argentina,2009,"Rice, paddy",61586.56,18.125,591.0,10711.875,68278.0,65463.6,68842,72584.95,-5.437015194212831
Argentina,2010,"Rice, paddy",105915.04,17.585,591.0,10392.735,68842.0,66699.8,57646,72661.3,-26.04742740172779
Argentina,2011,"Rice, paddy",100424.62,17.755,591.0,10493.205,57646.0,66196.0,67901,62119.34,8.514837778530513
Argentina,2012,"Rice, paddy",136185.08,18.305,591.0,10818.255,67901.0,65654.2,66617,72603.78,-8.986865214584865
Argentina,2013,"Rice, paddy",171945.54,16.665,591.0,9849.015,66617.0,65856.8,67187,73177.09,-8.91554913897033
Argentina,2009,Sorghum,61586.56,18.125,591.0,10711.875,47474.0,47735.2,38752,50593.02,-30.55589388934764
Argentina,2010,Sorghum,105915.04,17.585,591.0,10392.735,38752.0,46379.4,48163,53159.47,-10.374083840292343
Argentina,2011,Sorghum,100424.62,17.755,591.0,10493.205,48163.0,45637.6,44029,48037.26,-9.103681664357586
Argentina,2012,Sorghum,136185.08,18.305,591.0,10818.255,44029.0,45087.8,46534,48077.35,-3.316607211931058
Argentina,2013,Sorghum,171945.54,16.665,591.0,9849.015,46534.0,44990.4,40852,49584.56,-21.376089297953584
Argentina,2009,Soybeans,61586.56,18.125,591.0,10711.875,28216.0,26816.6,18480,28401.18,-53.68603896103896
Argentina,2010,Soybeans,105915.04,17.585,591.0,10392.735,18480.0,26097.6,29053,25074.24,13.694833580008945
Argentina,2011,Soybeans,100424.62,17.755,591.0,10493.205,29053.0,26450.8,26053,28459.74,-9.237861282769746
Argentina,2012,Soybeans,136185.08,18.305,591.0,10818.255,26053.0,26302.8,22814,27976.89,-22.63035855176646
Argentina,2013,Soybeans,171945.54,16.665,591.0,9849.015,22814.0,24923.2,25391,28044.4,-10.450159505336543
Argentina,2009,Sweet potatoes,61586.56,18.125,591.0,10711.875,145105.0,147917.8,151208,152265.95,-0.699665361621086
Argentina,2010,Sweet potatoes,105915.04,17.585,591.0,10392.735,151208.0,147186.0,149382,156498.79,-4.764154985205719
Argentina,2011,Sweet potatoes,100424.62,17.755,591.0,10493.205,149382.0,146168.0,148754,158368.06,-6.4630598168788715
Argentina,2012,Sweet potatoes,136185.08,18.305,591.0,10818.255,148754.0,147223.2,148126,159112.93,-7.417286634351831
Argentina,2013,Sweet potatoes,171945.54,16.665,591.0,9849.015,148126.0,148515.0,147498,157557.98,-6.8204179039715855
Argentina,2009,Wheat,61586.56,18.125,591.0,10711.875,28271.0,26320.8,19628,28258.26,-43.969125738740566
Argentina,2010,Wheat,105915.04,17.585,591.0,10392.735,19628.0,25158.2,27113,23711.13,12.5470069708258
Argentina,2011,Wheat,100424.62,17.755,591.0,10493.205,27113.0,25309.6,35063,27454.89,21.698400022816074
Argentina,2012,Wheat,136185.08,18.305,591.0,10818.255,35063.0,27261.8,32199,46635.74,-44.83598869530109
Argentina,2013,Wheat,171945.54,16.665,591.0,9849.015,32199.0,28454.8,26581,31478.66,-18.42541665099131
Armenia,2009,Maize,198.36,9.67,562.0,5434.54,53424.0,49288.0,57763,54348.44,5.911327320256908
Armenia,2010,Maize,278.72,11.31,562.0,6356.22,57763.0,48482.4,46724,56321.42,-20.540664326684354
Armenia,2011,Maize,278.72,8.93,562.0,5018.66,46724.0,48888.8,54257,45102.59,16.87231140682309
Armenia,2012,Maize,278.72,10.2,562.0,5732.4,54257.0,53086.0,62215,55135.14,11.379667282809612
Armenia,2013,Maize,278.72,11.08,562.0,6226.96,62215.0,54876.6,67114,58967.32,12.138570193998271
Armenia,2009,Potatoes,198.36,9.67,562.0,5434.54,189096.0,172640.2,185496,190867.67,-2.8958414197610796
Armenia,2010,Potatoes,278.72,11.31,562.0,6356.22,185496.0,177437.6,170146,194317.79,-14.206499124281505
Armenia,2011,Potatoes,278.72,8.93,562.0,5018.66,170146.0,178575.0,194426,176538.38,9.200220135167104
Armenia,2012,Potatoes,278.72,10.2,562.0,5732.4,194426.0,184776.6,207151,193910.43,6.391748048524992
Armenia,2013,Potatoes,278.72,11.08,562.0,6226.96,207151.0,189263.0,215290,192142.14,10.751943889637229
Armenia,2009,Wheat,198.36,9.67,562.0,5434.54,24322.0,21690.8,22374,23805.54,-6.39823008849558
Armenia,2010,Wheat,278.72,11.31,562.0,6356.22,22374.0,21482.4,21192,23189.76,-9.426953567383912
Armenia,2011,Wheat,278.72,8.93,562.0,5018.66,21192.0,21670.4,28800,22528.39,21.776423611111113
Armenia,2012,Wheat,278.72,10.2,562.0,5732.4,28800.0,24505.0,26010,29012.0,-11.541714725105729
Armenia,2013,Wheat,278.72,11.08,562.0,6226.96,26010.0,24539.6,31273,28491.47,8.894349758577683
Australia,2009,Maize,38065.68,17.125,534.0,9144.75,56912.0,54836.0,58171,56389.35,3.0627804232349476
Australia,2010,Maize,42169.39,16.79,534.0,8965.859999999999,58171.0,55205.0,55593,56590.62,-1.7945065026172409
Australia,2011,Maize,47632.99,16.805,534.0,8973.869999999999,55593.0,54727.0,57390,55521.46,3.2558633908346417
Australia,2012,Maize,48687.88,16.666666666666668,534.0,8900.0,57390.0,55433.8,64654,55290.15,14.483017292046894
Australia,2013,Maize,45177.18,17.088333333333335,534.0,9125.17,64654.0,58544.0,64441,118702.18,-84.20288325755341
Australia,2009,Potatoes,38065.68,17.125,534.0,9144.75,381224.0,359581.6,361747,385812.4,-6.652549986592845
Australia,2010,Potatoes,42169.39,16.79,534.0,8965.859999999999,361747.0,359373.6,351334,382564.67,-8.889168141995931
Australia,2011,Potatoes,47632.99,16.805,534.0,8973.869999999999,351334.0,360817.0,350887,379418.33,-8.131201782910171
Australia,2012,Potatoes,48687.88,16.666666666666668,534.0,8900.0,350887.0,360131.0,382592,380456.47,0.5581742430578862
Australia,2013,Potatoes,45177.18,17.088333333333335,534.0,9125.17,382592.0,365556.8,385434,389083.48,-0.9468495254699848
Australia,2009,"Rice, paddy",38065.68,17.125,534.0,9144.75,75988.0,81249.2,84609,114092.5,-34.84676571050361
Australia,2010,"Rice, paddy",42169.39,16.79,534.0,8965.859999999999,84609.0,81510.0,103895,82525.37,20.56848741517879
Australia,2011,"Rice, paddy",47632.99,16.805,534.0,8973.869999999999,103895.0,89055.4,95441,95198.2,0.2543980050502435
Australia,2012,"Rice, paddy",48687.88,16.666666666666668,534.0,8900.0,95441.0,88508.4,89098,90993.48,-2.1274102673460638
Australia,2013,"Rice, paddy",45177.18,17.088333333333335,534.0,9125.17,89098.0,89806.2,102177,84328.74,17.46798203118118
Australia,2009,Sorghum,38065.68,17.125,534.0,9144.75,40252.0,28074.2,35096,36275.7,-3.3613517209938375
Australia,2010,Sorghum,42169.39,16.79,534.0,8965.859999999999,35096.0,29620.0,30279,31190.53,-3.010436275966838
Australia,2011,Sorghum,47632.99,16.805,534.0,8973.869999999999,30279.0,30350.0,30558,31577.34,-3.335754957785196
Australia,2012,Sorghum,48687.88,16.666666666666668,534.0,8900.0,30558.0,31420.6,33960,33101.61,2.5276501766784434
Australia,2013,Sorghum,45177.18,17.088333333333335,534.0,9125.17,33960.0,34029.0,34419,33664.23,2.1928876492634792
Australia,2009,Soybeans,38065.68,17.125,534.0,9144.75,23289.0,20591.6,18926,21997.23,-16.22757053788439
Australia,2010,Soybeans,42169.39,16.79,534.0,8965.859999999999,18926.0,19949.6,19042,20034.9,-5.214263207646264
Australia,2011,Soybeans,47632.99,16.805,534.0,8973.869999999999,19042.0,20396.0,17136,20225.41,-18.02876984126984
Australia,2012,Soybeans,48687.88,16.666666666666668,534.0,8900.0,17136.0,19624.6,22598,21147.29,6.419638906097881
Australia,2013,Soybeans,45177.18,17.088333333333335,534.0,9125.17,22598.0,20198.2,22336,20393.15,8.698289756446984
Australia,2009,Sweet potatoes,38065.68,17.125,534.0,9144.75,266530.0,312169.6,250797,299344.12,-19.357137445822715
Australia,2010,Sweet potatoes,42169.39,16.79,534.0,8965.859999999999,250797.0,295662.4,305974,263672.18,13.825298881604322
Australia,2011,Sweet potatoes,47632.99,16.805,534.0,8973.869999999999,305974.0,289657.2,319252,316416.88,0.8880508187889177
Australia,2012,Sweet potatoes,48687.88,16.666666666666668,534.0,8900.0,319252.0,297758.0,331853,320483.92,3.4259385932928184
Australia,2013,Sweet potatoes,45177.18,17.088333333333335,534.0,9125.17,331853.0,294881.2,344391,314698.43,8.62176131199712
Australia,2009,Wheat,38065.68,17.125,534.0,9144.75,10788.0,15304.0,15831,13874.66,12.357652706714676
Australia,2010,Wheat,42169.39,16.79,534.0,8965.859999999999,15831.0,14470.6,15729,15733.33,-0.027528768516752032
Australia,2011,Wheat,47632.99,16.805,534.0,8973.869999999999,15729.0,14346.8,20301,15601.27,23.15023890448746
Australia,2012,Wheat,48687.88,16.666666666666668,534.0,8900.0,20301.0,14364.4,21511,15632.71,27.326902514992334
Australia,2013,Wheat,45177.18,17.088333333333335,534.0,9125.17,21511.0,16832.0,17609,18393.27,-4.453802033051283
Austria,2009,Maize,3531.8,9.48,1110.0,10522.800000000001,113173.0,103157.0,108293,108890.04,-0.5513191064981057
Austria,2010,Maize,3692.4,8.36,1110.0,9279.599999999999,108293.0,105506.8,97247,110301.58,-13.424146760311373
Austria,2011,Maize,3441.5,9.42,1110.0,10456.2,97247.0,103642.2,112996,106769.07,5.5107525930121355
Austria,2012,Maize,3563.3,9.42,1110.0,10456.2,112996.0,106967.4,107025,106918.62,0.0993973370707822
Austria,2013,Maize,3108.6,10.03,1110.0,11133.3,107025.0,107746.8,81173,110819.91,-36.52311729269585
Austria,2009,Potatoes,3531.8,9.48,1110.0,10522.800000000001,331993.0,317133.4,324947,332434.78,-2.3043080871649924
Austria,2010,Potatoes,3692.4,8.36,1110.0,9279.599999999999,324947.0,318899.4,305703,338258.19,-10.649287053120187
Austria,2011,Potatoes,3441.5,9.42,1110.0,10456.2,305703.0,311243.0,357127,313787.17,12.135691224690381
Austria,2012,Potatoes,3563.3,9.42,1110.0,10456.2,357127.0,322940.2,305491,351887.37,-15.187475244769894
Austria,2013,Potatoes,3108.6,10.03,1110.0,11133.3,305491.0,325052.2,285897,320353.96,-12.052228599810428
Austria,2010,Sorghum,3692.4,8.36,1110.0,9279.599999999999,285897.0,315833.0,67666,307172.92,-353.9546005379363
Austria,2011,Sorghum,3441.5,9.42,1110.0,10456.2,67666.0,264376.8,67299,73107.79,-8.631316958647222
Austria,2012,Sorghum,3563.3,9.42,1110.0,10456.2,67299.0,216696.0,68081,72105.56,-5.911429033063554
Austria,2013,Sorghum,3108.6,10.03,1110.0,11133.3,68081.0,158886.8,52447,73450.1,-40.04633248803555
Austria,2009,Soybeans,3531.8,9.48,1110.0,10522.800000000001,29369.0,26981.8,28171,28658.85,-1.7317454119484526
Austria,2010,Soybeans,3692.4,8.36,1110.0,9279.599999999999,28171.0,27597.6,27501,29158.49,-6.0270171993745745
Austria,2011,Soybeans,3441.5,9.42,1110.0,10456.2,27501.0,27444.4,28691,27738.22,3.320832316754379
Austria,2012,Soybeans,3563.3,9.42,1110.0,10456.2,28691.0,27988.6,28051,28166.82,-0.4128908060318695
Austria,2013,Soybeans,3108.6,10.03,1110.0,11133.3,28051.0,28356.6,19697,29977.36,-52.1925166268975
Austria,2009,Wheat,3531.8,9.48,1110.0,10522.800000000001,56935.0,52656.8,49295,55914.98,-13.429313317780714
Austria,2010,Wheat,3692.4,8.36,1110.0,9279.599999999999,49295.0,50669.0,50117,52038.97,-3.8349661791408125
Austria,2011,Wheat,3441.5,9.42,1110.0,10456.2,50117.0,50635.2,58549,51441.52,12.13937044185213
Austria,2012,Wheat,3563.3,9.42,1110.0,10456.2,58549.0,52531.8,41388,56250.71,-35.91067459166908
Austria,2013,Wheat,3108.6,10.03,1110.0,11133.3,41388.0,51256.8,53743,54717.12,-1.8125523323967823
Azerbaijan,2009,Maize,316.18,12.6,447.0,5632.2,47784.0,46702.0,47990,47520.51,0.9783079808293352
Azerbaijan,2010,Maize,333.85,13.85,447.0,6190.95,47990.0,47085.8,45551,47640.88,-4.588000263440972
Azerbaijan,2011,Maize,461.84,11.79,447.0,5270.129999999999,45551.0,46655.4,45460,47237.86,-3.9108227012758485
Azerbaijan,2012,Maize,516.35,13.0,447.0,5811.0,45460.0,46592.0,51029,46900.58,8.09034078661153
Azerbaijan,2013,Maize,489.8,14.12,447.0,6311.639999999999,51029.0,47562.8,53903,54928.45,-1.9023987533161364
Azerbaijan,2009,Potatoes,316.18,12.6,447.0,5632.2,156430.0,151025.6,149950,155089.35,-3.4273757919306473
Azerbaijan,2010,Potatoes,333.85,13.85,447.0,6190.95,149950.0,152732.4,144945,151764.41,-4.704825968470802
Azerbaijan,2011,Potatoes,461.84,11.79,447.0,5270.129999999999,144945.0,151078.4,143973,151507.65,-5.233377091537992
Azerbaijan,2012,Potatoes,516.35,13.0,447.0,5811.0,143973.0,149973.6,146740,145303.15,0.9791808641134018
Azerbaijan,2013,Potatoes,489.8,14.12,447.0,6311.639999999999,146740.0,148407.6,151999,148358.27,2.395232863374108
Azerbaijan,2009,"Rice, paddy",316.18,12.6,447.0,5632.2,27973.0,35989.4,25279,30228.34,-19.57885992325646
Azerbaijan,2010,"Rice, paddy",333.85,13.85,447.0,6190.95,25279.0,33083.2,23963,27796.71,-15.998455952927426
Azerbaijan,2011,"Rice, paddy",461.84,11.79,447.0,5270.129999999999,23963.0,30695.2,20947,32880.56,-56.9702582708741
Azerbaijan,2012,"Rice, paddy",516.35,13.0,447.0,5811.0,20947.0,26409.6,22249,30515.28,-37.15349004449638
Azerbaijan,2013,"Rice, paddy",489.8,14.12,447.0,6311.639999999999,22249.0,24082.2,22808,23378.64,-2.5019291476674828
Azerbaijan,2012,Sorghum,516.35,13.0,447.0,5811.0,12000.0,5224.8,1500,10199.68,-579.9786666666666
Azerbaijan,2013,Sorghum,489.8,14.12,447.0,6311.639999999999,1500.0,5358.2,5000,3194.64,36.1072
Azerbaijan,2009,Soybeans,316.18,12.6,447.0,5632.2,5000.0,7452.6,6677,6000.2,10.136288752433732
Azerbaijan,2010,Soybeans,333.85,13.85,447.0,6190.95,6677.0,5274.4,7136,10789.42,-51.197029147982065
Azerbaijan,2011,Soybeans,461.84,11.79,447.0,5270.129999999999,7136.0,5543.8,6717,10897.0,-62.23016227482508
Azerbaijan,2012,Soybeans,516.35,13.0,447.0,5811.0,6717.0,5906.0,6587,10726.97,-62.85061484742675
Azerbaijan,2013,Soybeans,489.8,14.12,447.0,6311.639999999999,6587.0,6423.4,6457,8332.65,-29.048319653089667
Azerbaijan,2009,Wheat,316.18,12.6,447.0,5632.2,27251.0,26317.8,25946,28914.25,-11.440106374778386
Azerbaijan,2010,Wheat,333.85,13.85,447.0,6190.95,25946.0,26357.4,19381,27549.68,-42.14787678654353
Azerbaijan,2011,Wheat,461.84,11.79,447.0,5270.129999999999,19381.0,25070.0,24376,25738.15,-5.5880784378076855
Azerbaijan,2012,Wheat,516.35,13.0,447.0,5811.0,24376.0,24735.2,26144,28200.54,-7.866202570379441
Azerbaijan,2013,Wheat,489.8,14.12,447.0,6311.639999999999,26144.0,24619.6,26719,26703.22,0.059059096523069114
Bahamas,2009,Cassava,268.2,25.46,1292.0,32894.32,139562.0,112303.4,180917,144805.96,19.960003758629654
Bahamas,2010,Cassava,268.2,24.77,1292.0,32002.84,180917.0,127820.2,221795,180407.92,18.660059965283253
Bahamas,2011,Cassava,268.2,25.76,1292.0,33281.920000000006,221795.0,150816.0,225128,214700.74,4.6317028534877975
Bahamas,2012,Cassava,268.2,25.46,1292.0,32894.32,225128.0,174591.6,223000,214757.23,3.696309417040354
Bahamas,2013,Cassava,268.2,25.88,1292.0,33436.96,223000.0,198080.4,221509,216676.26,2.181735279379163
Bahamas,2009,Maize,268.2,25.46,1292.0,32894.32,47619.0,39423.8,60000,48796.76,18.672066666666666
Bahamas,2010,Maize,268.2,24.77,1292.0,32002.84,60000.0,44323.8,75333,60134.28,20.175381306996933
Bahamas,2011,Maize,268.2,25.76,1292.0,33281.920000000006,75333.0,52190.4,73085,72905.97,0.24496134637750402
Bahamas,2012,Maize,268.2,25.46,1292.0,32894.32,73085.0,59207.4,73404,72218.64,1.6148438777178364
Bahamas,2013,Maize,268.2,25.88,1292.0,33436.96,73404.0,65888.2,74465,74977.64,-0.6884308064191224
Bahamas,2010,Plantains and others,268.2,24.77,1292.0,32002.84,74465.0,71257.4,79048,76690.81,2.9819729784434803
Bahamas,2011,Plantains and others,268.2,25.76,1292.0,33281.920000000006,79048.0,75067.0,78182,80304.72,-2.7151006625566003
Bahamas,2012,Plantains and others,268.2,25.46,1292.0,32894.32,78182.0,75636.8,77391,81433.57,-5.223566047731657
Bahamas,2013,Plantains and others,268.2,25.88,1292.0,33436.96,77391.0,76498.0,76928,80739.58,-4.954736896838605
Bahamas,2009,Sweet potatoes,268.2,25.46,1292.0,32894.32,34462.0,34302.8,34560,34613.54,-0.154918981481484
Bahamas,2010,Sweet potatoes,268.2,24.77,1292.0,32002.84,34560.0,34445.6,34658,34517.29,0.40599572970165365
Bahamas,2011,Sweet potatoes,268.2,25.76,1292.0,33281.920000000006,34658.0,34512.6,34757,34704.7,0.15047328595679407
Bahamas,2012,Sweet potatoes,268.2,25.46,1292.0,32894.32,34757.0,34560.2,34855,34745.67,0.31367092239277505
Bahamas,2013,Sweet potatoes,268.2,25.88,1292.0,33436.96,34855.0,34658.4,34953,34943.47,0.027265184676562346
Bahrain,2009,Potatoes,12.59,27.24,83.0,2260.92,210000.0,175111.2,166667,194382.54,-16.629290741418522
Bahrain,2010,Potatoes,9.84,28.0,83.0,2324.0,166667.0,172444.6,155598,144383.62,7.2072777285055105
Bahrain,2011,Potatoes,9.14,27.01,83.0,2241.83,155598.0,183564.2,171162,148787.26,13.072259029457467
Bahrain,2012,Potatoes,9.14,27.45,83.0,2278.35,171162.0,191796.6,177812,151992.49,14.520679144264733
Bahrain,2013,Potatoes,9.14,27.86,83.0,2312.38,177812.0,176247.8,179569,143167.98,20.27132745629813
Bangladesh,2009,Maize,13790.09,26.54,2666.0,70755.64,60172.0,54907.2,56831,68163.89,-19.941387622952263
Bangladesh,2010,Maize,13283.72,26.65,2666.0,71048.9,56831.0,56624.8,58378,58474.01,-0.16446264003563335
Bangladesh,2011,Maize,14798.28,25.8,2666.0,68782.8,58378.0,57638.2,61512,57844.53,5.9622024970737435
Bangladesh,2012,Maize,13289.18,26.28,2666.0,70062.48,61512.0,59341.0,65838,69110.17,-4.970032504025029
Bangladesh,2013,Maize,15330.16,26.59,2666.0,70888.94,65838.0,60546.2,65953,66486.97,-0.8096220035479829
Bangladesh,2009,Potatoes,13790.09,26.54,2666.0,70755.64,165373.0,150421.4,133367,164316.71,-23.206422878223243
Bangladesh,2010,Potatoes,13283.72,26.65,2666.0,71048.9,133367.0,148232.2,182299,145444.36,20.21658922978185
Bangladesh,2011,Potatoes,14798.28,25.8,2666.0,68782.8,182299.0,154931.0,180931,191551.97,-5.87017702881209
Bangladesh,2012,Potatoes,13289.18,26.28,2666.0,70062.48,180931.0,162347.6,190627,192263.93,-0.8587083676499095
Bangladesh,2013,Potatoes,15330.16,26.59,2666.0,70888.94,190627.0,170519.4,193790,194084.39,-0.15191186335724957
Bangladesh,2009,"Rice, paddy",13790.09,26.54,2666.0,70755.64,41441.0,38797.6,42404,42838.37,-1.024360909348181
Bangladesh,2010,"Rice, paddy",13283.72,26.65,2666.0,71048.9,42404.0,40206.6,43422,41561.63,4.284395007139244
Bangladesh,2011,"Rice, paddy",14798.28,25.8,2666.0,68782.8,43422.0,41328.2,43917,41994.67,4.377188787940892
Bangladesh,2012,"Rice, paddy",13289.18,26.28,2666.0,70062.48,43917.0,42403.4,44206,43427.98,1.759987332036368
Bangladesh,2013,"Rice, paddy",15330.16,26.59,2666.0,70888.94,44206.0,43078.0,45317,44355.91,2.120815587969187
Bangladesh,2009,Sorghum,13790.09,26.54,2666.0,70755.64,21505.0,14680.2,13300,21588.31,-62.318120300751886
Bangladesh,2010,Sorghum,13283.72,26.65,2666.0,71048.9,13300.0,15013.6,12806,16314.16,-27.3946587537092
Bangladesh,2011,Sorghum,14798.28,25.8,2666.0,68782.8,12806.0,14932.0,14667,15382.83,-4.880548169359787
Bangladesh,2012,Sorghum,13289.18,26.28,2666.0,70062.48,14667.0,15148.0,13452,15823.86,-17.63202497769849
Bangladesh,2013,Sorghum,15330.16,26.59,2666.0,70888.94,13452.0,15146.0,11343,16714.66,-47.356607599400505
Bangladesh,2009,Soybeans,13790.09,26.54,2666.0,70755.64,15026.0,14075.6,14660,15451.55,-5.399386084583897
Bangladesh,2010,Soybeans,13283.72,26.65,2666.0,71048.9,14660.0,14739.0,17090,15256.91,10.726097132826215
Bangladesh,2011,Soybeans,14798.28,25.8,2666.0,68782.8,17090.0,15327.4,15898,18137.32,-14.085545351616554
Bangladesh,2012,Soybeans,13289.18,26.28,2666.0,70062.48,15898.0,15478.2,15814,16241.04,-2.700392057670424
Bangladesh,2013,Soybeans,15330.16,26.59,2666.0,70888.94,15814.0,15697.6,14729,16221.28,-10.131577160703378
Bangladesh,2009,Sweet potatoes,13790.09,26.54,2666.0,70755.64,97290.0,91237.2,96232,96533.36,-0.3131598636628155
Bangladesh,2010,Sweet potatoes,13283.72,26.65,2666.0,71048.9,96232.0,92591.8,98688,95717.41,3.01008227950713
Bangladesh,2011,Sweet potatoes,14798.28,25.8,2666.0,68782.8,98688.0,94588.6,97962,99182.05,-1.245431902166149
Bangladesh,2012,Sweet potatoes,13289.18,26.28,2666.0,70062.48,97962.0,96130.2,102939,99951.77,2.901941926772162
Bangladesh,2013,Sweet potatoes,15330.16,26.59,2666.0,70888.94,102939.0,98622.2,97019,103938.45,-7.132056607468637
Bangladesh,2009,Wheat,13790.09,26.54,2666.0,70755.64,21753.0,18514.6,21516,21486.3,0.13803680981595431
Bangladesh,2010,Wheat,13283.72,26.65,2666.0,71048.9,21516.0,18912.4,23959,20927.45,12.653074001419087
Bangladesh,2011,Wheat,14798.28,25.8,2666.0,68782.8,23959.0,20208.6,26012,23654.54,9.062970936490848
Bangladesh,2012,Wheat,13289.18,26.28,2666.0,70062.48,26012.0,22342.2,27789,24786.44,10.80485084026054
Bangladesh,2013,Wheat,15330.16,26.59,2666.0,70888.94,27789.0,24205.8,30138,27501.05,8.749585241223706
Belarus,2009,Maize,8306.31,6.75,618.0,4171.5,43890.0,41839.0,46818,47010.17,-0.41046178820111545
Belarus,2010,Maize,8306.31,6.71,618.0,4146.78,46818.0,44143.2,49306,47768.86,3.1175516164361325
Belarus,2011,Maize,8306.31,7.29,618.0,4505.22,49306.0,46011.4,65950,48264.28,26.81686125852919
Belarus,2012,Maize,9578.67,6.33,618.0,3911.94,65950.0,51323.4,50407,64430.73,-27.820997083738376
Belarus,2013,Maize,9163.51,7.83,618.0,4838.94,50407.0,51274.2,55656,55318.37,0.6066371999424992
Belarus,2009,Potatoes,8306.31,6.75,618.0,4171.5,220735.0,199479.4,186040,219400.99,-17.932159750591264
Belarus,2010,Potatoes,8306.31,6.71,618.0,4146.78,186040.0,197595.6,213518,205999.92,3.5210520892852064
Belarus,2011,Potatoes,8306.31,7.29,618.0,4505.22,213518.0,204839.4,209564,211814.35,-1.073824702716118
Belarus,2012,Potatoes,9578.67,6.33,618.0,3911.94,209564.0,208361.0,208131,215672.02,-3.623208460056402
Belarus,2013,Potatoes,9163.51,7.83,618.0,4838.94,208131.0,207597.6,193536,209311.0,-8.150938326719578
Belarus,2009,Wheat,8306.31,6.75,618.0,4171.5,39752.0,33313.2,35428,39808.24,-12.36378006096872
Belarus,2010,Wheat,8306.31,6.71,618.0,4146.78,35428.0,33790.8,28851,36816.23,-27.608159162594028
Belarus,2011,Wheat,8306.31,7.29,618.0,4505.22,28851.0,32998.6,33088,29519.32,10.785420696324953
Belarus,2012,Wheat,9578.67,6.33,618.0,3911.94,33088.0,33978.0,35822,35876.19,-0.1512757523309763
Belarus,2013,Wheat,9163.51,7.83,618.0,4838.94,35822.0,34588.2,30610,37272.65,-21.766252858542963
Belgium,2009,Maize,5496.04,11.0,847.0,9317.0,119258.0,118316.6,121174,128448.23,-6.003127733672237
Belgium,2010,Maize,4644.53,9.74,847.0,8249.78,121174.0,118102.2,119283,124386.83,-4.278757241182736
Belgium,2011,Maize,5740.44,11.69,847.0,9901.43,119283.0,118584.4,119360,128558.73,-7.706710790884714
Belgium,2012,Maize,6139.3,10.68,847.0,9045.96,119360.0,122070.6,102438,128350.62,-25.295905816201014
Belgium,2013,Maize,5905.6,10.36,847.0,8774.92,102438.0,116302.6,111500,123071.47,-10.378000000000002
Belgium,2009,Potatoes,5496.04,11.0,847.0,9317.0,460711.0,445548.8,447083,442913.75,0.9325449636868322
Belgium,2010,Potatoes,4644.53,9.74,847.0,8249.78,447083.0,438174.4,422676,433306.3,-2.5149996687770275
Belgium,2011,Potatoes,5740.44,11.69,847.0,9901.43,422676.0,437082.6,501412,443383.35,11.573047713257765
Belgium,2012,Potatoes,6139.3,10.68,847.0,9045.96,501412.0,460274.6,454233,311410.71,31.442517386451442
Belgium,2013,Potatoes,5905.6,10.36,847.0,8774.92,454233.0,457223.0,454642,309607.52,31.900809867984037
Belgium,2009,Wheat,5496.04,11.0,847.0,9317.0,87585.0,84316.2,94652,83128.31,12.174798208173101
Belgium,2010,Wheat,4644.53,9.74,847.0,8249.78,94652.0,85285.4,88272,88947.56,-0.7653162950879075
Belgium,2011,Wheat,5740.44,11.69,847.0,9901.43,88272.0,86393.2,84046,85836.81,-2.130749827475427
Belgium,2012,Wheat,6139.3,10.68,847.0,9045.96,84046.0,86692.6,84522,84415.32,0.12621565982820215
Belgium,2013,Wheat,5905.6,10.36,847.0,8774.92,84522.0,87815.4,89349,87394.83,2.1871201692240523
Botswana,2009,Maize,17.0,19.25,416.0,8008.0,1844.0,1922.8,2429,3092.66,-27.322354878550836
Botswana,2010,Maize,17.0,19.98,416.0,8311.68,2429.0,2060.0,1617,2408.96,-48.977118119975266
Botswana,2011,Maize,17.0,19.19,416.0,7983.040000000001,1617.0,1924.0,3473,6857.76,-97.45925712640368
Botswana,2012,Maize,17.0,19.83,416.0,8249.279999999999,3473.0,2116.4,1370,2408.25,-75.78467153284672
Botswana,2013,Maize,17.0,18.69,416.0,7775.040000000001,1370.0,2146.6,849,2795.29,-229.2449941107185
Botswana,2009,Sorghum,17.0,19.25,416.0,8008.0,5507.0,8433.8,5042,9179.57,-82.0620785402618
Botswana,2010,Sorghum,17.0,19.98,416.0,8311.68,5042.0,8773.6,5701,8745.84,-53.408875635853356
Botswana,2011,Sorghum,17.0,19.19,416.0,7983.040000000001,5701.0,6250.6,6690,5197.53,22.308968609865477
Botswana,2012,Sorghum,17.0,19.83,416.0,8249.279999999999,6690.0,6583.8,6779,5287.31,22.004572945862215
Botswana,2013,Sorghum,17.0,18.69,416.0,7775.040000000001,6779.0,5943.8,3168,5489.02,-73.26452020202021
Brazil,2009,Cassava,335742.0,22.86090909090909,1761.0,40258.060909090906,141371.0,138867.0,138613,142420.83,-2.74709442837251
Brazil,2010,Cassava,342580.0,22.88181818181818,1761.0,40294.88181818181,138613.0,139321.0,139499,141143.85,-1.1791123950709366
Brazil,2011,Cassava,345026.0,22.48909090909091,1761.0,39603.28909090909,139499.0,140009.0,146230,143537.31,1.8414073719483022
Brazil,2012,Cassava,346583.0,23.062727272727273,1761.0,40613.46272727273,146230.0,141162.4,136118,149030.48,-9.486239880104035
Brazil,2013,Cassava,367778.0,22.478181818181817,1761.0,39584.07818181818,136118.0,140366.2,140795,138914.67,1.3355090734756114
Brazil,2009,Maize,335742.0,22.86090909090909,1761.0,40258.060909090906,40800.0,35309.8,37145,43494.67,-17.09427917620137
Brazil,2010,Maize,342580.0,22.88181818181818,1761.0,40294.88181818181,37145.0,36004.6,43667,41153.49,5.756085831405872
Brazil,2011,Maize,345026.0,22.48909090909091,1761.0,39603.28909090909,43667.0,38657.4,42107,45020.04,-6.918184624884225
Brazil,2012,Maize,346583.0,23.062727272727273,1761.0,40613.46272727273,42107.0,40314.2,50057,44934.78,10.23277463691392
Brazil,2013,Maize,367778.0,22.478181818181817,1761.0,39584.07818181818,50057.0,42755.2,52536,55585.64,-5.804857621440536
Brazil,2009,Potatoes,335742.0,22.86090909090909,1761.0,40258.060909090906,253729.0,230301.4,248299,247071.36,0.4944200339107342
Brazil,2010,Potatoes,342580.0,22.88181818181818,1761.0,40294.88181818181,248299.0,237256.2,258859,248811.5,3.881456700365836
Brazil,2011,Potatoes,345026.0,22.48909090909091,1761.0,39603.28909090909,258859.0,245009.0,262528,247633.29,5.673570057289124
Brazil,2012,Potatoes,346583.0,23.062727272727273,1761.0,40613.46272727273,262528.0,252754.2,274457,260218.39,5.187920147782708
Brazil,2013,Potatoes,367778.0,22.478181818181817,1761.0,39584.07818181818,274457.0,259574.4,277517,257560.7,7.191018928570138
Brazil,2009,"Rice, paddy",335742.0,22.86090909090909,1761.0,40258.060909090906,42311.0,37725.0,44049,43155.32,2.0288315285250524
Brazil,2010,"Rice, paddy",342580.0,22.88181818181818,1761.0,40294.88181818181,44049.0,39421.8,41271,43568.22,-5.566184487897073
Brazil,2011,"Rice, paddy",345026.0,22.48909090909091,1761.0,39603.28909090909,41271.0,40937.8,48956,44836.4,8.414903178364243
Brazil,2012,"Rice, paddy",346583.0,23.062727272727273,1761.0,40613.46272727273,48956.0,42969.4,47860,52101.59,-8.862494776431252
Brazil,2013,"Rice, paddy",367778.0,22.478181818181817,1761.0,39584.07818181818,47860.0,44889.4,50071,48298.35,3.5402728126061023
Brazil,2009,Sorghum,335742.0,22.86090909090909,1761.0,40258.060909090906,24105.0,22108.4,23378,24569.58,-5.097014286936444
Brazil,2010,Sorghum,342580.0,22.88181818181818,1761.0,40294.88181818181,23378.0,22146.6,23172,23390.93,-0.9448040738822729
Brazil,2011,Sorghum,345026.0,22.48909090909091,1761.0,39603.28909090909,23172.0,22921.8,25497,23435.37,8.085774797034949
Brazil,2012,Sorghum,346583.0,23.062727272727273,1761.0,40613.46272727273,25497.0,23576.6,29317,25797.24,12.005866903161982
Brazil,2013,Sorghum,367778.0,22.478181818181817,1761.0,39584.07818181818,29317.0,25093.8,26817,29006.98,-8.166386993325128
Brazil,2009,Soybeans,335742.0,22.86090909090909,1761.0,40258.060909090906,28162.0,25079.8,26365,28504.77,-8.115949175042672
Brazil,2010,Soybeans,342580.0,22.88181818181818,1761.0,40294.88181818181,26365.0,25751.8,29475,27860.26,5.478337574215442
Brazil,2011,Soybeans,345026.0,22.48909090909091,1761.0,39603.28909090909,29475.0,27186.2,31214,30355.27,2.751105273274811
Brazil,2012,Soybeans,346583.0,23.062727272727273,1761.0,40613.46272727273,31214.0,28669.8,26366,32321.31,-22.587081847834337
Brazil,2013,Soybeans,367778.0,22.478181818181817,1761.0,39584.07818181818,26366.0,28316.4,29285,27909.01,4.698617039439991
Brazil,2009,Sweet potatoes,335742.0,22.86090909090909,1761.0,40258.060909090906,120398.0,117259.4,113035,125527.07,-11.051506170655113
Brazil,2010,Sweet potatoes,342580.0,22.88181818181818,1761.0,40294.88181818181,113035.0,116875.0,118459,112662.82,4.892984070437867
Brazil,2011,Sweet potatoes,345026.0,22.48909090909091,1761.0,39603.28909090909,118459.0,117894.8,124266,121786.75,1.9951153171422593
Brazil,2012,Sweet potatoes,346583.0,23.062727272727273,1761.0,40613.46272727273,124266.0,119367.6,121926,133546.71,-9.530953201121985
Brazil,2013,Sweet potatoes,367778.0,22.478181818181817,1761.0,39584.07818181818,121926.0,119616.8,130913,129146.5,1.3493694285517863
Brazil,2009,Wheat,335742.0,22.86090909090909,1761.0,40258.060909090906,25497.0,20817.2,20802,24356.6,-17.087780021151804
Brazil,2010,Wheat,342580.0,22.88181818181818,1761.0,40294.88181818181,20802.0,20832.0,28288,21338.18,24.568085407239817
Brazil,2011,Wheat,345026.0,22.48909090909091,1761.0,39603.28909090909,28288.0,22542.6,26602,27248.98,-2.4320727764829697
Brazil,2012,Wheat,346583.0,23.062727272727273,1761.0,40613.46272727273,26602.0,24677.6,23100,27261.03,-18.01311688311688
Brazil,2013,Wheat,367778.0,22.478181818181817,1761.0,39584.07818181818,23100.0,24857.8,27491,26609.54,3.2063584445818596
Brazil,2009,Yams,335742.0,22.86090909090909,1761.0,40258.060909090906,93753.0,92692.2,94599,93566.07,1.0919037199124653
Brazil,2010,Yams,342580.0,22.88181818181818,1761.0,40294.88181818181,94599.0,93143.0,95332,93100.49,2.3407774933915104
Brazil,2011,Yams,345026.0,22.48909090909091,1761.0,39603.28909090909,95332.0,93717.0,96414,94202.63,2.293619183935938
Brazil,2012,Yams,346583.0,23.062727272727273,1761.0,40613.46272727273,96414.0,94538.2,97619,98488.92,-0.8911379956770693
Brazil,2013,Yams,367778.0,22.478181818181817,1761.0,39584.07818181818,97619.0,95543.4,96078,101917.97,-6.078363413060224
Bulgaria,2009,Maize,1717.25,9.74,608.0,5921.92,41548.0,51321.0,47071,56411.68,-19.843810414055362
Bulgaria,2010,Maize,1588.5,9.65,608.0,5867.2,47071.0,49655.2,62512,53060.5,15.11949705656514
Bulgaria,2011,Maize,1459.75,9.17,608.0,5575.36,62512.0,51540.6,55310,52819.68,4.502476948110648
Bulgaria,2012,Maize,1331.0,9.99,608.0,6073.92,55310.0,53537.0,36800,55322.74,-50.33353260869564
Bulgaria,2013,Maize,1197.0,11.26,608.0,6846.08,36800.0,48648.2,63943,39977.99,37.478707598955324
Bulgaria,2009,Potatoes,1717.25,9.74,608.0,5921.92,162618.0,159375.2,165508,175842.74,-6.244254054184687
Bulgaria,2010,Potatoes,1588.5,9.65,608.0,5867.2,165508.0,155105.8,181967,177856.26,2.2590579610588684
Bulgaria,2011,Potatoes,1459.75,9.17,608.0,5575.36,181967.0,160209.6,143236,186297.46,-30.063294143930293
Bulgaria,2012,Potatoes,1331.0,9.99,608.0,6073.92,143236.0,157305.2,101515,171415.36,-68.85717381667732
Bulgaria,2013,Potatoes,1197.0,11.26,608.0,6846.08,101515.0,150968.8,146125,121278.37,17.00368177929855
Bulgaria,2009,"Rice, paddy",1717.25,9.74,608.0,5921.92,49621.0,46909.0,52263,46718.28,10.60926468055795
Bulgaria,2010,"Rice, paddy",1588.5,9.65,608.0,5867.2,52263.0,47442.4,47952,48753.29,-1.6710251918585268
Bulgaria,2011,"Rice, paddy",1459.75,9.17,608.0,5575.36,47952.0,48072.6,50563,47761.2,5.541206020212415
Bulgaria,2012,"Rice, paddy",1331.0,9.99,608.0,6073.92,50563.0,49369.2,55605,50183.47,9.75007643197554
Bulgaria,2013,"Rice, paddy",1197.0,11.26,608.0,6846.08,55605.0,51200.8,54945,54325.62,1.1272727272727223
Bulgaria,2009,Sorghum,1717.25,9.74,608.0,5921.92,19316.0,18914.6,24836,19841.19,20.11116927041392
Bulgaria,2010,Sorghum,1588.5,9.65,608.0,5867.2,24836.0,19682.4,24314,24058.97,1.048901867236978
Bulgaria,2011,Sorghum,1459.75,9.17,608.0,5575.36,24314.0,20465.2,19536,22876.34,-17.098382473382472
Bulgaria,2012,Sorghum,1331.0,9.99,608.0,6073.92,19536.0,19822.0,20205,21146.23,-4.658401385795593
Bulgaria,2013,Sorghum,1197.0,11.26,608.0,6846.08,20205.0,21641.4,26792,22911.06,14.485443415945054
Bulgaria,2009,Soybeans,1717.25,9.74,608.0,5921.92,13358.0,15190.2,9662,18018.38,-86.48706271993377
Bulgaria,2010,Soybeans,1588.5,9.65,608.0,5867.2,9662.0,13369.0,22717,13752.11,39.46335343575296
Bulgaria,2011,Soybeans,1459.75,9.17,608.0,5575.36,22717.0,13464.6,11565,16053.9,-38.81452658884565
Bulgaria,2012,Soybeans,1331.0,9.99,608.0,6073.92,11565.0,12664.0,7903,16206.03,-105.06174870302418
Bulgaria,2013,Soybeans,1197.0,11.26,608.0,6846.08,7903.0,13041.0,17976,11850.32,34.07699154428126
Bulgaria,2009,Wheat,1717.25,9.74,608.0,5921.92,41674.0,33468.0,31873,44593.57,-39.91017475606313
Bulgaria,2010,Wheat,1588.5,9.65,608.0,5867.2,31873.0,32222.6,36185,38878.97,-7.444991018377784
Bulgaria,2011,Wheat,1459.75,9.17,608.0,5575.36,36185.0,33146.2,39197,32892.48,16.08419011659055
Bulgaria,2012,Wheat,1331.0,9.99,608.0,6073.92,39197.0,34180.4,37596,32484.62,13.595542078944572
Bulgaria,2013,Wheat,1197.0,11.26,608.0,6846.08,37596.0,37305.0,41885,32247.93,23.00840396323266
Burkina Faso,2009,Cassava,132.3,29.05,748.0,21729.4,19060.0,21553.8,17452,19354.28,-10.900068760027496
Burkina Faso,2010,Cassava,442.89,29.17,748.0,21819.16,17452.0,20562.0,15659,21607.79,-37.989590650743985
Burkina Faso,2011,Cassava,843.0,29.03,748.0,21714.440000000002,15659.0,19303.4,13548,19366.54,-42.947593740773556
Burkina Faso,2012,Cassava,843.0,28.67,748.0,21445.16,13548.0,17749.8,13636,14695.98,-7.773393957172188
Burkina Faso,2013,Cassava,843.0,29.41,748.0,21998.68,13636.0,15871.0,13594,14955.81,-10.017728409592463
Burkina Faso,2009,Maize,132.3,29.05,748.0,21729.4,16662.0,15713.2,15286,18113.39,-18.49659819442627
Burkina Faso,2010,Maize,442.89,29.17,748.0,21819.16,15286.0,16237.2,14342,16118.86,-12.389206526286435
Burkina Faso,2011,Maize,843.0,29.03,748.0,21714.440000000002,14342.0,15494.0,15356,16262.78,-5.905053399322744
Burkina Faso,2012,Maize,843.0,28.67,748.0,21445.16,15356.0,14676.4,18386,15663.86,14.805504187969104
Burkina Faso,2013,Maize,843.0,29.41,748.0,21998.68,18386.0,16006.4,17353,18158.53,-4.6420215524693065
Burkina Faso,2009,Potatoes,132.3,29.05,748.0,21729.4,17954.0,19360.6,18111,21707.76,-19.859532880569812
Burkina Faso,2010,Potatoes,442.89,29.17,748.0,21819.16,18111.0,19213.0,18998,21340.03,-12.327771344352032
Burkina Faso,2011,Potatoes,843.0,29.03,748.0,21714.440000000002,18998.0,19012.6,19159,19375.22,-1.1285557701341467
Burkina Faso,2012,Potatoes,843.0,28.67,748.0,21445.16,19159.0,18844.4,19320,20987.53,-8.63110766045548
Burkina Faso,2013,Potatoes,843.0,29.41,748.0,21998.68,19320.0,18708.4,19481,20064.31,-2.9942508084800643
Burkina Faso,2009,"Rice, paddy",132.3,29.05,748.0,21729.4,24355.0,19983.8,23154,22188.22,4.171115142092074
Burkina Faso,2010,"Rice, paddy",442.89,29.17,748.0,21819.16,23154.0,21605.2,20238,21663.93,-7.045804921434925
Burkina Faso,2011,"Rice, paddy",843.0,29.03,748.0,21714.440000000002,20238.0,22094.6,17676,20545.2,-16.232179226069253
Burkina Faso,2012,"Rice, paddy",843.0,28.67,748.0,21445.16,17676.0,20485.0,23336,21738.13,6.84723174494343
Burkina Faso,2013,"Rice, paddy",843.0,29.41,748.0,21998.68,23336.0,21751.8,21993,21722.54,1.229754922020639
Burkina Faso,2009,Sorghum,132.3,29.05,748.0,21729.4,9859.0,10255.2,9204,10946.39,-18.930790960451972
Burkina Faso,2010,Sorghum,442.89,29.17,748.0,21819.16,9204.0,10149.8,10036,11236.25,-11.959445994420086
Burkina Faso,2011,Sorghum,843.0,29.03,748.0,21714.440000000002,10036.0,9973.2,8952,10731.75,-19.88103217158177
Burkina Faso,2012,Sorghum,843.0,28.67,748.0,21445.16,8952.0,9485.0,10755,10328.11,3.9692236169223563
Burkina Faso,2013,Sorghum,843.0,29.41,748.0,21998.68,10755.0,9761.2,10409,11155.66,-7.173215486598135
Burkina Faso,2009,Soybeans,132.3,29.05,748.0,21729.4,27290.0,15706.2,14542,20181.93,-38.78372988584789
Burkina Faso,2010,Soybeans,442.89,29.17,748.0,21819.16,14542.0,16305.6,12562,15802.22,-25.79382263970705
Burkina Faso,2011,Soybeans,843.0,29.03,748.0,21714.440000000002,12562.0,15413.0,8873,16101.97,-81.47154288290318
Burkina Faso,2012,Soybeans,843.0,28.67,748.0,21445.16,8873.0,14903.4,10949,13664.74,-24.80354370262124
Burkina Faso,2013,Soybeans,843.0,29.41,748.0,21998.68,10949.0,14843.2,13512,16358.52,-21.066607460035527
Burkina Faso,2009,Sweet potatoes,132.3,29.05,748.0,21729.4,110907.0,95954.6,126965,110288.68,13.13458039617218
Burkina Faso,2010,Sweet potatoes,442.89,29.17,748.0,21819.16,126965.0,107514.2,102743,109019.29,-6.108727601880414
Burkina Faso,2011,Sweet potatoes,843.0,29.03,748.0,21714.440000000002,102743.0,111396.6,190326,106656.28,43.96126645860261
Burkina Faso,2012,Sweet potatoes,843.0,28.67,748.0,21445.16,190326.0,124316.2,83073,171741.92,-106.73614772549446
Burkina Faso,2013,Sweet potatoes,843.0,29.41,748.0,21998.68,83073.0,122802.8,146793,103124.38,29.748434870872586
Burkina Faso,2009,Yams,132.3,29.05,748.0,21729.4,71895.0,74418.2,94186,76898.26,18.35489350858939
Burkina Faso,2010,Yams,442.89,29.17,748.0,21819.16,94186.0,78413.8,66518,95658.59,-43.808578129228174
Burkina Faso,2011,Yams,843.0,29.03,748.0,21714.440000000002,66518.0,76656.2,74827,76354.06,-2.040787416306945
Burkina Faso,2012,Yams,843.0,28.67,748.0,21445.16,74827.0,74525.2,90785,77671.12,14.444985405077936
Burkina Faso,2013,Yams,843.0,29.41,748.0,21998.68,90785.0,79642.2,58594,96074.04,-63.9656620131754
Burundi,2009,Cassava,177.75,21.42,1274.0,27289.08,64718.0,78834.0,41867,74957.98,-79.03833568204074
Burundi,2010,Cassava,264.53,21.75,1274.0,27709.5,41867.0,71390.8,40629,51487.43,-26.72581161239509
Burundi,2011,Cassava,75.64,21.23,1274.0,27047.02,40629.0,64470.6,39948,51044.3,-27.77685991789327
Burundi,2012,Cassava,98.59,21.44,1274.0,27314.56,39948.0,54887.4,42092,48803.94,-15.945880452342493
Burundi,2013,Cassava,956.06,21.53,1274.0,27429.22,42092.0,45850.8,68749,43493.75,36.73544342463163
Burundi,2009,Maize,177.75,21.42,1274.0,27289.08,10041.0,10416.8,10032,10210.59,-1.7802033492822982
Burundi,2010,Maize,264.53,21.75,1274.0,27709.5,10032.0,10261.8,10511,10230.75,2.6662544001522215
Burundi,2011,Maize,75.64,21.23,1274.0,27047.02,10511.0,10197.4,11023,10161.16,7.818561190238594
Burundi,2012,Maize,98.59,21.44,1274.0,27314.56,11023.0,10370.2,11763,10469.18,10.999064864405335
Burundi,2013,Maize,956.06,21.53,1274.0,27429.22,11763.0,10674.0,13218,11741.95,11.16696928430927
Burundi,2009,Potatoes,177.75,21.42,1274.0,27289.08,26273.0,28237.0,27711,29101.21,-5.016816426689759
Burundi,2010,Potatoes,264.53,21.75,1274.0,27709.5,27711.0,28032.8,42521,29929.82,29.611674231556172
Burundi,2011,Potatoes,75.64,21.23,1274.0,27047.02,42521.0,31440.4,45493,45794.85,-0.6635086716637693
Burundi,2012,Potatoes,98.59,21.44,1274.0,27314.56,45493.0,35303.8,31165,48462.04,-55.50149205839885
Burundi,2013,Potatoes,956.06,21.53,1274.0,27429.22,31165.0,34632.6,62252,31250.28,49.8003598277967
Burundi,2009,"Rice, paddy",177.75,21.42,1274.0,27289.08,32203.0,33272.0,32680,33234.89,-1.6979498164014668
Burundi,2010,"Rice, paddy",264.53,21.75,1274.0,27709.5,32680.0,33223.2,28268,35361.18,-25.092613555964345
Burundi,2011,"Rice, paddy",75.64,21.23,1274.0,27047.02,28268.0,32048.0,26876,31311.02,-16.501785980056557
Burundi,2012,"Rice, paddy",98.59,21.44,1274.0,27314.56,26876.0,30758.8,21041,29409.31,-39.77144622403878
Burundi,2013,"Rice, paddy",956.06,21.53,1274.0,27429.22,21041.0,28213.6,19130,25814.37,-34.941819132253
Burundi,2009,Sorghum,177.75,21.42,1274.0,27289.08,12874.0,13204.0,12885,12964.31,-0.6155219247186612
Burundi,2010,Sorghum,264.53,21.75,1274.0,27709.5,12885.0,13083.8,10701,13131.54,-22.71320437342305
Burundi,2011,Sorghum,75.64,21.23,1274.0,27047.02,10701.0,12415.6,8205,11484.22,-39.96611822059719
Burundi,2012,Sorghum,98.59,21.44,1274.0,27314.56,8205.0,11525.8,5890,9627.64,-63.457385398981316
Burundi,2013,Sorghum,956.06,21.53,1274.0,27429.22,5890.0,10111.0,6513,7815.87,-20.004145555043756
Burundi,2009,Soybeans,177.75,21.42,1274.0,27289.08,7683.0,7721.2,7619,7850.73,-3.0414752592203644
Burundi,2010,Soybeans,264.53,21.75,1274.0,27709.5,7619.0,7745.0,7752,7911.56,-2.058307533539737
Burundi,2011,Soybeans,75.64,21.23,1274.0,27047.02,7752.0,7739.8,7764,7950.03,-2.3960587326120524
Burundi,2012,Soybeans,98.59,21.44,1274.0,27314.56,7764.0,7713.6,7283,7928.33,-8.860771660030206
Burundi,2013,Soybeans,956.06,21.53,1274.0,27429.22,7283.0,7620.2,9554,8146.15,14.735712790454263
Burundi,2009,Sweet potatoes,177.75,21.42,1274.0,27289.08,65947.0,66348.8,67125,65972.16,1.7174525139664751
Burundi,2010,Sweet potatoes,264.53,21.75,1274.0,27709.5,67125.0,66423.4,77508,66323.42,14.430226557258607
Burundi,2011,Sweet potatoes,75.64,21.23,1274.0,27047.02,77508.0,68851.4,78801,75695.63,3.940774863263151
Burundi,2012,Sweet potatoes,98.59,21.44,1274.0,27314.56,78801.0,71214.6,65035,77067.78,-18.502006611824402
Burundi,2013,Sweet potatoes,956.06,21.53,1274.0,27429.22,65035.0,70883.2,104528,69734.91,33.285904255319146
Burundi,2009,Wheat,177.75,21.42,1274.0,27289.08,8431.0,8111.6,8583,8410.79,2.0064080158452655
Burundi,2010,Wheat,264.53,21.75,1274.0,27709.5,8583.0,8163.0,7393,8765.38,-18.56323549303394
Burundi,2011,Wheat,75.64,21.23,1274.0,27047.02,7393.0,8164.2,7129,8585.53,-20.43105624912331
Burundi,2012,Wheat,98.59,21.44,1274.0,27314.56,7129.0,7988.6,4448,7975.85,-79.31317446043167
Burundi,2013,Wheat,956.06,21.53,1274.0,27429.22,4448.0,7196.8,7276,5461.51,24.938015393073115
Burundi,2009,Yams,177.75,21.42,1274.0,27289.08,57869.0,55898.0,55000,56024.71,-1.8631090909090893
Burundi,2010,Yams,264.53,21.75,1274.0,27709.5,55000.0,55884.6,64079,54118.93,15.543422962280934
Burundi,2011,Yams,75.64,21.23,1274.0,27047.02,64079.0,58133.2,68989,62789.01,8.98692545188363
Burundi,2012,Yams,98.59,21.44,1274.0,27314.56,68989.0,60608.0,90258,66451.55,26.375999911365195
Burundi,2013,Yams,956.06,21.53,1274.0,27429.22,90258.0,67239.0,79279,81984.37,-3.4124673621009287
Cameroon,2009,Cassava,813.77,25.54,1604.0,40966.159999999996,140000.0,111892.8,139528,141601.07,-1.4857734648242698
Cameroon,2010,Cassava,1160.63,25.7,1604.0,41222.799999999996,139528.0,126569.4,140636,140684.71,-0.034635512955425246
Cameroon,2011,Cassava,1372.47,25.25,1604.0,40501.0,140636.0,133542.4,145720,137646.57,5.540371946198183
Cameroon,2012,Cassava,1372.47,25.18,1604.0,40388.72,145720.0,141176.8,115388,143766.59,-24.594056574340485
Cameroon,2013,Cassava,1372.47,25.45,1604.0,40821.799999999996,115388.0,136254.4,147894,116440.76,21.267421261173546
Cameroon,2009,Maize,813.77,25.54,1604.0,40966.159999999996,20000.0,20544.8,19787,20519.03,-3.6995502097336574
Cameroon,2010,Maize,1160.63,25.7,1604.0,41222.799999999996,19787.0,20669.0,19741,20239.05,-2.5229218377994997
Cameroon,2011,Maize,1372.47,25.25,1604.0,40501.0,19741.0,20350.4,20240,20643.7,-1.994565217391308
Cameroon,2012,Maize,1372.47,25.18,1604.0,40388.72,20240.0,19953.6,17152,21031.11,-22.61607975746269
Cameroon,2013,Maize,1372.47,25.45,1604.0,40821.799999999996,17152.0,19384.0,19787,19526.46,1.3167231010259306
Cameroon,2009,Plantains and others,813.77,25.54,1604.0,40966.159999999996,120000.0,90702.2,119671,117021.27,2.2141788737455155
Cameroon,2010,Plantains and others,1160.63,25.7,1604.0,41222.799999999996,119671.0,103974.0,122250,114507.64,6.333218813905931
Cameroon,2011,Plantains and others,1372.47,25.25,1604.0,40501.0,122250.0,112480.0,110857,119526.77,-7.820678892627443
Cameroon,2012,Plantains and others,1372.47,25.18,1604.0,40388.72,110857.0,118679.4,108526,114835.37,-5.813694414241744
Cameroon,2013,Plantains and others,1372.47,25.45,1604.0,40821.799999999996,108526.0,116260.8,119444,112282.69,5.995537657814539
Cameroon,2009,Potatoes,813.77,25.54,1604.0,40966.159999999996,26367.0,27468.6,28754,27487.76,4.40370035473326
Cameroon,2010,Potatoes,1160.63,25.7,1604.0,41222.799999999996,28754.0,26987.6,44088,29686.04,32.66639448375975
Cameroon,2011,Potatoes,1372.47,25.25,1604.0,40501.0,44088.0,30625.2,73940,52262.48,29.317717067892886
Cameroon,2012,Potatoes,1372.47,25.18,1604.0,40388.72,73940.0,39947.2,103444,74043.34,28.42181276826109
Cameroon,2013,Potatoes,1372.47,25.45,1604.0,40821.799999999996,103444.0,55318.6,133560,107527.49,19.491247379454922
Cameroon,2009,"Rice, paddy",813.77,25.54,1604.0,40966.159999999996,10000.0,11658.4,27475,10780.28,60.76331210191083
Cameroon,2010,"Rice, paddy",1160.63,25.7,1604.0,41222.799999999996,27475.0,14670.2,10936,21725.22,-98.6578273591807
Cameroon,2011,"Rice, paddy",1372.47,25.25,1604.0,40501.0,10936.0,14263.2,13464,11816.05,12.239676173499708
Cameroon,2012,"Rice, paddy",1372.47,25.18,1604.0,40388.72,13464.0,14375.0,14217,13837.63,2.6684251248505366
Cameroon,2013,"Rice, paddy",1372.47,25.45,1604.0,40821.799999999996,14217.0,15218.4,11641,15489.31,-33.05824241903616
Cameroon,2009,Sorghum,813.77,25.54,1604.0,40966.159999999996,14323.0,13421.6,14085,14460.41,-2.6653177138800133
Cameroon,2010,Sorghum,1160.63,25.7,1604.0,41222.799999999996,14085.0,13707.8,14257,14186.48,0.4946342147716941
Cameroon,2011,Sorghum,1372.47,25.25,1604.0,40501.0,14257.0,13924.6,15038,14507.48,3.527862747705815
Cameroon,2012,Sorghum,1372.47,25.18,1604.0,40388.72,15038.0,14420.0,14883,15551.93,-4.494591144258552
Cameroon,2013,Sorghum,1372.47,25.45,1604.0,40821.799999999996,14883.0,14517.2,15074,15409.47,-2.2254875945336297
Cameroon,2009,Soybeans,813.77,25.54,1604.0,40966.159999999996,11999.0,8444.8,8310,11669.72,-40.42984356197351
Cameroon,2010,Soybeans,1160.63,25.7,1604.0,41222.799999999996,8310.0,8933.6,8437,9566.15,-13.383311603650583
Cameroon,2011,Soybeans,1372.47,25.25,1604.0,40501.0,8437.0,9394.8,8276,10199.33,-23.239850169163848
Cameroon,2012,Soybeans,1372.47,25.18,1604.0,40388.72,8276.0,9804.8,13980,9948.97,28.834263233190278
Cameroon,2013,Soybeans,1372.47,25.45,1604.0,40821.799999999996,13980.0,10200.4,13228,14435.74,-9.130178409434532
Cameroon,2009,Sweet potatoes,813.77,25.54,1604.0,40966.159999999996,59989.0,58153.6,54288,63042.56,-16.126142057176533
Cameroon,2010,Sweet potatoes,1160.63,25.7,1604.0,41222.799999999996,54288.0,60699.6,54179,64829.12,-19.657284187600364
Cameroon,2011,Sweet potatoes,1372.47,25.25,1604.0,40501.0,54179.0,58018.2,49900,59701.14,-19.641563126252503
Cameroon,2012,Sweet potatoes,1372.47,25.18,1604.0,40388.72,49900.0,54677.6,60000,52204.7,12.992166666666671
Cameroon,2013,Sweet potatoes,1372.47,25.45,1604.0,40821.799999999996,60000.0,55671.2,54288,63224.9,-16.46201738874153
Cameroon,2009,Wheat,813.77,25.54,1604.0,40966.159999999996,13444.0,13408.2,13463,13444.86,0.13473965683725336
Cameroon,2010,Wheat,1160.63,25.7,1604.0,41222.799999999996,13463.0,13426.2,13846,13777.91,0.4917665751841697
Cameroon,2011,Wheat,1372.47,25.25,1604.0,40501.0,13846.0,13517.4,13971,13802.05,1.2092906735380482
Cameroon,2012,Wheat,1372.47,25.18,1604.0,40388.72,13971.0,13630.0,12308,13856.65,-12.582466688332788
Cameroon,2013,Wheat,1372.47,25.45,1604.0,40821.799999999996,12308.0,13406.4,12879,13198.55,-2.4811708983616683
Cameroon,2009,Yams,813.77,25.54,1604.0,40966.159999999996,121000.0,103463.0,121205,120298.81,0.7476506744771274
Cameroon,2010,Yams,1160.63,25.7,1604.0,41222.799999999996,121205.0,112353.6,111590,120144.06,-7.6656151984944865
Cameroon,2011,Yams,1372.47,25.25,1604.0,40501.0,111590.0,115108.8,101354,122474.06,-20.83791463583085
Cameroon,2012,Yams,1372.47,25.18,1604.0,40388.72,101354.0,115230.2,112643,111792.94,0.7546496453396995
Cameroon,2013,Yams,1372.47,25.45,1604.0,40821.799999999996,112643.0,113558.4,103844,113729.27,-9.519346327183086
Canada,2009,Maize,54529.4,6.593333333333334,537.0,3540.6200000000003,90623.0,85782.6,83723,91526.65,-9.320795958099918
Canada,2010,Maize,61050.0,8.008333333333333,537.0,4300.474999999999,83723.0,86045.2,97385,86156.88,11.52961955126559
Canada,2011,Maize,62107.2,7.471666666666667,537.0,4012.285,97385.0,88315.2,88946,110159.74,-23.850133789040548
Canada,2012,Maize,73508.9,8.323333333333332,537.0,4469.629999999999,88946.0,89157.0,92109,95241.12,-3.400449467478743
Canada,2013,Maize,81659.8,8.758333333333333,537.0,4703.224999999999,92109.0,90557.2,95878,105639.07,-10.180719247376881
Canada,2009,Potatoes,54529.4,6.593333333333334,537.0,3540.6200000000003,126065.0,124345.6,127453,126755.81,0.5470173318792043
Canada,2010,Potatoes,61050.0,8.008333333333333,537.0,4300.474999999999,127453.0,125110.2,128373,128119.07,0.19780639230990393
Canada,2011,Potatoes,62107.2,7.471666666666667,537.0,4012.285,128373.0,127774.2,120376,128572.36,-6.808965242240979
Canada,2012,Potatoes,73508.9,8.323333333333332,537.0,4469.629999999999,120376.0,125753.0,124735,125515.86,-0.6260151521225001
Canada,2013,Potatoes,81659.8,8.758333333333333,537.0,4703.224999999999,124735.0,125400.4,132270,128017.35,3.215128146972098
Canada,2009,Soybeans,54529.4,6.593333333333334,537.0,3540.6200000000003,27906.0,26557.4,25371,27842.21,-9.74029403649836
Canada,2010,Soybeans,61050.0,8.008333333333333,537.0,4300.474999999999,25371.0,26443.8,29515,23988.82,18.723293240725056
Canada,2011,Soybeans,62107.2,7.471666666666667,537.0,4012.285,29515.0,26930.4,28738,30318.33,-5.499095274549383
Canada,2012,Soybeans,73508.9,8.323333333333332,537.0,4469.629999999999,28738.0,26908.0,30294,28025.98,7.486697035716645
Canada,2013,Soybeans,81659.8,8.758333333333333,537.0,4703.224999999999,30294.0,28364.8,28810,32664.9,-13.380423464074978
Canada,2009,Wheat,54529.4,6.593333333333334,537.0,3540.6200000000003,28575.0,26355.6,27897,28343.67,-1.601139907516931
Canada,2010,Wheat,61050.0,8.008333333333333,537.0,4300.474999999999,27897.0,26653.2,28085,28077.67,0.026099341285389873
Canada,2011,Wheat,62107.2,7.471666666666667,537.0,4012.285,28085.0,26794.0,29568,28965.73,2.0368979978354993
Canada,2012,Wheat,73508.9,8.323333333333332,537.0,4469.629999999999,29568.0,27488.4,28645,30713.47,-7.221050794204927
Canada,2013,Wheat,81659.8,8.758333333333333,537.0,4703.224999999999,28645.0,28554.0,35943,32102.07,10.686169768800601
Central African Republic,2009,Cassava,22.87,26.17,1342.0,35120.14,30000.0,29865.6,30000,30126.78,-0.42259999999999615
Central African Republic,2010,Cassava,22.87,26.06,1342.0,34972.52,30000.0,29912.0,28175,30121.73,-6.909423247559891
Central African Republic,2011,Cassava,22.87,25.23,1342.0,33858.66,28175.0,29592.8,28132,29854.43,-6.122671690601451
Central African Republic,2012,Cassava,22.87,25.28,1342.0,33925.76,28132.0,29261.4,28132,29405.7,-4.527584245698851
Central African Republic,2013,Cassava,22.87,25.69,1342.0,34475.98,28132.0,28887.8,28375,29256.48,-3.106537444933919
Central African Republic,2009,Maize,22.87,26.17,1342.0,35120.14,8500.0,8931.8,8500,8968.45,-5.511176470588244
Central African Republic,2010,Maize,22.87,26.06,1342.0,34972.52,8500.0,8708.8,16148,8866.74,45.0907852365618
Central African Republic,2011,Maize,22.87,25.23,1342.0,33858.66,16148.0,10131.6,16804,15377.45,8.489347774339437
Central African Republic,2012,Maize,22.87,25.28,1342.0,33925.76,16804.0,11690.4,17505,15770.05,9.911168237646391
Central African Republic,2013,Maize,22.87,25.69,1342.0,34475.98,17505.0,13491.4,12446,15907.55,-27.812550216937165
Central African Republic,2009,Plantains and others,22.87,26.17,1342.0,35120.14,29052.0,29023.4,29310,29479.85,-0.5794950528829701
Central African Republic,2010,Plantains and others,22.87,26.06,1342.0,34972.52,29310.0,29066.2,29333,29516.07,-0.6241093648791454
Central African Republic,2011,Plantains and others,22.87,25.23,1342.0,33858.66,29333.0,29147.0,28475,29730.03,-4.407480245829671
Central African Republic,2012,Plantains and others,22.87,25.28,1342.0,33925.76,28475.0,29049.6,28333,29670.85,-4.721879080930359
Central African Republic,2013,Plantains and others,22.87,25.69,1342.0,34475.98,28333.0,28900.6,28626,29788.64,-4.061482568294555
Central African Republic,2009,Potatoes,22.87,26.17,1342.0,35120.14,13425.0,16450.0,12657,36657.13,-189.6194200837481
Central African Republic,2010,Potatoes,22.87,26.06,1342.0,34972.52,12657.0,14919.8,11650,51214.28,-339.6075536480687
Central African Republic,2011,Potatoes,22.87,25.23,1342.0,33858.66,11650.0,13477.4,11574,55959.03,-383.48911353032656
Central African Republic,2012,Potatoes,22.87,25.28,1342.0,33925.76,11574.0,12720.2,11818,55859.73,-372.666525638856
Central African Republic,2013,Potatoes,22.87,25.69,1342.0,34475.98,11818.0,12224.8,11818,55319.56,-368.09578608901677
Central African Republic,2009,"Rice, paddy",22.87,26.17,1342.0,35120.14,15000.0,17205.0,15000,15482.09,-3.2139333333333346
Central African Republic,2010,"Rice, paddy",22.87,26.06,1342.0,34972.52,15000.0,16217.4,23353,15875.77,32.01828458870381
Central African Republic,2011,"Rice, paddy",22.87,25.23,1342.0,33858.66,23353.0,16870.6,16000,21102.08,-31.888000000000012
Central African Republic,2012,"Rice, paddy",22.87,25.28,1342.0,33925.76,16000.0,16870.6,30000,15509.92,48.30026666666667
Central African Republic,2013,"Rice, paddy",22.87,25.69,1342.0,34475.98,30000.0,19870.6,18665,30815.6,-65.0983123493169
Central African Republic,2009,Sorghum,22.87,26.17,1342.0,35120.14,10000.0,9360.6,10000,9991.49,0.08510000000000219
Central African Republic,2010,Sorghum,22.87,26.06,1342.0,34972.52,10000.0,9703.0,9269,9908.13,-6.89535009170352
Central African Republic,2011,Sorghum,22.87,25.23,1342.0,33858.66,9269.0,9757.2,11707,9375.72,19.91355599214146
Central African Republic,2012,Sorghum,22.87,25.28,1342.0,33925.76,11707.0,10195.2,11707,10443.28,10.794567352865801
Central African Republic,2013,Sorghum,22.87,25.69,1342.0,34475.98,11707.0,10536.6,10529,10473.57,0.5264507550574631
Central African Republic,2009,Yams,22.87,26.17,1342.0,35120.14,73831.0,70000.2,75844,76868.36,-1.3506144190707248
Central African Republic,2010,Yams,22.87,26.06,1342.0,34972.52,75844.0,71707.4,79091,77573.35,1.918865610499291
Central African Republic,2011,Yams,22.87,25.23,1342.0,33858.66,79091.0,73787.0,78326,75091.3,4.1297908740392675
Central African Republic,2012,Yams,22.87,25.28,1342.0,33925.76,78326.0,75748.4,79310,73736.39,7.027625772285967
Central African Republic,2013,Yams,22.87,25.69,1342.0,34475.98,79310.0,77280.4,78333,76685.89,2.102702564691765
Chile,2009,Maize,9830.72,9.87,1522.0,15022.14,101411.0,105103.2,104956,105360.26,-0.3851709287701463
Chile,2010,Maize,9830.72,9.41,1522.0,14322.02,104956.0,103958.8,110808,108860.03,1.757968738719227
Chile,2011,Maize,9830.72,9.76,1522.0,14854.72,110808.0,103663.4,119978,106802.99,10.981188217839932
Chile,2012,Maize,9830.72,10.15,1522.0,15448.300000000001,119978.0,105291.0,107224,120974.22,-12.82382675520406
Chile,2013,Maize,9830.72,9.505,1522.0,14466.61,107224.0,108875.4,106321,111838.47,-5.189445170756484
Chile,2009,Potatoes,9830.72,9.87,1522.0,15022.14,172591.0,187567.8,205101,182925.41,10.812034071018667
Chile,2010,Potatoes,9830.72,9.41,1522.0,14322.02,205101.0,190167.2,212986,207446.95,2.600663893401439
Chile,2011,Potatoes,9830.72,9.76,1522.0,14854.72,212986.0,192644.4,312460,205553.2,34.21455546309927
Chile,2012,Potatoes,9830.72,10.15,1522.0,15448.300000000001,312460.0,211105.4,263269,324600.13,-23.29599383140438
Chile,2013,Potatoes,9830.72,9.505,1522.0,14466.61,263269.0,233281.4,233767,253643.15,-8.502547408316826
Chile,2009,"Rice, paddy",9830.72,9.87,1522.0,15022.14,57920.0,52090.8,53763,55455.46,-3.1480014136115897
Chile,2010,"Rice, paddy",9830.72,9.41,1522.0,14322.02,53763.0,53263.8,38599,52932.11,-37.1333713308635
Chile,2011,"Rice, paddy",9830.72,9.76,1522.0,14854.72,38599.0,51648.2,51899,48181.01,7.1638952580974555
Chile,2012,"Rice, paddy",9830.72,10.15,1522.0,15448.300000000001,51899.0,50568.8,62435,54684.53,12.413662208697048
Chile,2013,"Rice, paddy",9830.72,9.505,1522.0,14466.61,62435.0,52923.2,62051,62353.05,-0.48677700601118906
Chile,2009,Sweet potatoes,9830.72,9.87,1522.0,15022.14,78022.0,74317.4,86799,79524.89,8.380407608382585
Chile,2010,Sweet potatoes,9830.72,9.41,1522.0,14322.02,86799.0,77093.8,92862,84766.48,8.717796299885856
Chile,2011,Sweet potatoes,9830.72,9.76,1522.0,14854.72,92862.0,81032.0,99022,90517.27,8.588727757468034
Chile,2012,Sweet potatoes,9830.72,10.15,1522.0,15448.300000000001,99022.0,85956.4,107692,94523.19,12.228215652044717
Chile,2013,Sweet potatoes,9830.72,9.505,1522.0,14466.61,107692.0,92879.4,107692,108292.64,-0.5577387363963892
Chile,2009,Wheat,9830.72,9.87,1522.0,15022.14,45748.0,45609.6,40809,47841.06,-17.231640079394246
Chile,2010,Wheat,9830.72,9.41,1522.0,14322.02,40809.0,44629.4,57658,47715.62,17.243712927954487
Chile,2011,Wheat,9830.72,9.76,1522.0,14854.72,57658.0,47335.0,58060,55427.18,4.534653806407165
Chile,2012,Wheat,9830.72,10.15,1522.0,15448.300000000001,58060.0,50026.8,49468,55825.57,-12.85188404625212
Chile,2013,Wheat,9830.72,9.505,1522.0,14466.61,49468.0,50348.6,58143,51801.66,10.906454775295387
Colombia,2009,Cassava,51435.13,25.275,3240.0,81891.0,109215.0,107332.4,106899,107868.65,-0.9070711606282511
Colombia,2010,Cassava,48618.46,25.11,3240.0,81356.4,106899.0,107000.4,106094,108296.62,-2.07610232435387
Colombia,2011,Cassava,53797.0,24.755,3240.0,80206.2,106094.0,106836.8,107039,107717.7,-0.6340679565392026
Colombia,2012,Cassava,48727.73,25.07,3240.0,81226.8,107039.0,107516.8,96365,107767.11,-11.832210864940592
Colombia,2013,Cassava,54563.38,25.225,3240.0,81729.0,96365.0,105122.4,99633,99307.48,0.3267190589463371
Colombia,2009,Maize,51435.13,25.275,3240.0,81891.0,27712.0,26927.0,26845,28476.35,-6.076923076923071
Colombia,2010,Maize,48618.46,25.11,3240.0,81356.4,26845.0,27024.6,27227,29491.76,-8.318066625041313
Colombia,2011,Maize,53797.0,24.755,3240.0,80206.2,27227.0,26962.6,28591,28400.57,0.6660487566017288
Colombia,2012,Maize,48727.73,25.07,3240.0,81226.8,28591.0,27607.2,29052,31195.64,-7.378631419523611
Colombia,2013,Maize,54563.38,25.225,3240.0,81729.0,29052.0,27885.4,28246,31484.28,-11.464561353820006
Colombia,2009,Plantains and others,51435.13,25.275,3240.0,81891.0,81611.0,80502.4,78714,93433.95,-18.700548822318773
Colombia,2010,Plantains and others,48618.46,25.11,3240.0,81356.4,78714.0,80541.2,80771,83760.77,-3.701538918671311
Colombia,2011,Plantains and others,53797.0,24.755,3240.0,80206.2,80771.0,80921.8,79624,88037.93,-10.567077765497832
Colombia,2012,Plantains and others,48727.73,25.07,3240.0,81226.8,79624.0,80456.0,80883,90966.43,-12.466686448326586
Colombia,2013,Plantains and others,54563.38,25.225,3240.0,81729.0,80883.0,80320.6,84230,91232.81,-8.31391428232221
Colombia,2009,Potatoes,51435.13,25.275,3240.0,81891.0,176013.0,162437.0,183793,184826.25,-0.5621813670814448
Colombia,2010,Potatoes,48618.46,25.11,3240.0,81356.4,183793.0,167555.8,172462,187310.6,-8.609780705314797
Colombia,2011,Potatoes,53797.0,24.755,3240.0,80206.2,172462.0,171657.4,173390,183907.57,-6.0658457811869235
Colombia,2012,Potatoes,48727.73,25.07,3240.0,81226.8,173390.0,174528.8,181661,181799.52,-0.07625191978464807
Colombia,2013,Potatoes,54563.38,25.225,3240.0,81729.0,181661.0,177463.8,185619,177073.96,4.6035373533959385
Colombia,2009,"Rice, paddy",51435.13,25.275,3240.0,81891.0,48887.0,48010.0,46956,50397.72,-7.329670329670332
Colombia,2010,"Rice, paddy",48618.46,25.11,3240.0,81356.4,46956.0,47793.6,41223,48306.48,-17.18331999126702
Colombia,2011,"Rice, paddy",53797.0,24.755,3240.0,80206.2,41223.0,46360.6,39589,46775.24,-18.152112960670888
Colombia,2012,"Rice, paddy",48727.73,25.07,3240.0,81226.8,39589.0,45135.0,48066,44819.35,6.754566637540052
Colombia,2013,"Rice, paddy",54563.38,25.225,3240.0,81729.0,48066.0,44944.2,38371,46903.3,-22.236324307419675
Colombia,2009,Sorghum,51435.13,25.275,3240.0,81891.0,37100.0,36820.0,37000,37584.24,-1.5790270270270215
Colombia,2010,Sorghum,48618.46,25.11,3240.0,81356.4,37000.0,37020.0,57069,37903.45,33.58311868089506
Colombia,2011,Sorghum,53797.0,24.755,3240.0,80206.2,57069.0,41033.8,38975,55956.01,-43.568980115458636
Colombia,2012,Sorghum,48727.73,25.07,3240.0,81226.8,38975.0,41428.8,38191,41835.53,-9.542902778141443
Colombia,2013,Sorghum,54563.38,25.225,3240.0,81729.0,38191.0,41667.0,32034,40316.21,-25.854435911843666
Colombia,2009,Soybeans,51435.13,25.275,3240.0,81891.0,21574.0,19548.6,22000,21354.87,2.9324090909090956
Colombia,2010,Soybeans,48618.46,25.11,3240.0,81356.4,22000.0,20714.8,17152,21391.06,-24.71466884328359
Colombia,2011,Soybeans,53797.0,24.755,3240.0,80206.2,17152.0,20145.2,21766,18903.6,13.150785628962607
Colombia,2012,Soybeans,48727.73,25.07,3240.0,81226.8,21766.0,20498.4,26639,21593.4,18.940650925335028
Colombia,2013,Soybeans,54563.38,25.225,3240.0,81729.0,26639.0,21826.2,27250,24806.76,8.966018348623859
Colombia,2009,Wheat,51435.13,25.275,3240.0,81891.0,18151.0,18920.0,16946,19162.27,-13.078425587159215
Colombia,2010,Wheat,48618.46,25.11,3240.0,81356.4,16946.0,18533.4,17697,19169.36,-8.31982821947223
Colombia,2011,Wheat,53797.0,24.755,3240.0,80206.2,17697.0,17398.6,15964,18520.52,-16.01428213480331
Colombia,2012,Wheat,48727.73,25.07,3240.0,81226.8,15964.0,17493.4,15196,17850.69,-17.469663069228737
Colombia,2013,Wheat,54563.38,25.225,3240.0,81729.0,15196.0,16790.8,16938,17238.23,-1.772523320344784
Colombia,2009,Yams,51435.13,25.275,3240.0,81891.0,104870.0,109847.2,106037,106114.46,-0.07304997312259533
Colombia,2010,Yams,48618.46,25.11,3240.0,81356.4,106037.0,107644.6,108871,107587.67,1.178762021107551
Colombia,2011,Yams,53797.0,24.755,3240.0,80206.2,108871.0,105883.2,111246,109595.04,1.4840623483091584
Colombia,2012,Yams,48727.73,25.07,3240.0,81226.8,111246.0,107012.4,109759,111665.91,-1.737360945343893
Colombia,2013,Yams,54563.38,25.225,3240.0,81729.0,109759.0,108156.6,109992,108182.06,1.6455196741581228
Croatia,2009,Maize,2070.0,11.06,1113.0,12309.78,79759.0,65335.6,73508,82092.31,-11.6780622517277
Croatia,2010,Maize,1540.0,10.0,1113.0,11130.0,73508.0,67426.4,69678,73689.49,-5.757183041993176
Croatia,2011,Maize,1638.74,11.02,1113.0,12265.26,69678.0,67525.6,56817,65079.6,-14.542478483552454
Croatia,2012,Maize,1737.47,11.12,1113.0,12376.56,56817.0,65826.6,43374,58615.68,-35.1401300318163
Croatia,2013,Maize,1836.21,11.58,1113.0,12888.54,43374.0,64627.2,65000,52985.45,18.48392307692308
Croatia,2009,Potatoes,2070.0,11.06,1113.0,12309.78,170369.0,160708.8,193036,171563.87,11.123381130980752
Croatia,2010,Potatoes,1540.0,10.0,1113.0,11130.0,193036.0,168516.6,163115,202721.25,-24.28118198816786
Croatia,2011,Potatoes,1638.74,11.02,1113.0,12265.26,163115.0,172212.0,153960,167139.45,-8.560307872174597
Croatia,2012,Potatoes,1737.47,11.12,1113.0,12376.56,153960.0,170242.0,147848,162174.31,-9.689890969103402
Croatia,2013,Potatoes,1836.21,11.58,1113.0,12888.54,147848.0,165665.6,158785,165327.56,-4.120389205529488
Croatia,2009,Sorghum,2070.0,11.06,1113.0,12309.78,35023.0,31763.0,24835,34262.54,-37.96070062411919
Croatia,2010,Sorghum,1540.0,10.0,1113.0,11130.0,24835.0,29305.0,25641,30512.98,-19.000741000740998
Croatia,2011,Sorghum,1638.74,11.02,1113.0,12265.26,25641.0,28433.2,32000,28721.34,10.2458125
Croatia,2012,Sorghum,1737.47,11.12,1113.0,12376.56,32000.0,29499.8,35729,35444.03,0.797587393993678
Croatia,2013,Sorghum,1836.21,11.58,1113.0,12888.54,35729.0,30645.6,50203,32388.34,35.48524988546502
Croatia,2009,Soybeans,2070.0,11.06,1113.0,12309.78,30053.0,24726.4,26000,26888.26,-3.4163846153846094
Croatia,2010,Soybeans,1540.0,10.0,1113.0,11130.0,26000.0,25617.4,27203,26240.16,3.5394625592765507
Croatia,2011,Soybeans,1638.74,11.02,1113.0,12265.26,27203.0,26096.4,25005,24559.24,1.7826834633073323
Croatia,2012,Soybeans,1737.47,11.12,1113.0,12376.56,25005.0,25550.0,17875,27656.71,-54.72285314685315
Croatia,2013,Soybeans,1836.21,11.58,1113.0,12888.54,17875.0,25227.2,23606,23855.5,-1.056934677624333
Croatia,2009,Wheat,2070.0,11.06,1113.0,12309.78,54833.0,47499.2,51896,52214.15,-0.6130530291351963
Croatia,2010,Wheat,1540.0,10.0,1113.0,11130.0,51896.0,48022.8,40415,51438.36,-27.275417542991466
Croatia,2011,Wheat,1638.74,11.02,1113.0,12265.26,40415.0,47877.0,52237,49680.73,4.893600321611112
Croatia,2012,Wheat,1737.47,11.12,1113.0,12376.56,52237.0,49157.8,53473,55529.44,-3.8457539318908647
Croatia,2013,Wheat,1836.21,11.58,1113.0,12888.54,53473.0,50570.8,48846,56745.56,-16.1723784956803
Denmark,2011,Maize,4249.48,9.31,703.0,6544.93,48105.0,48105.0,52170,109464.18,-109.8220816561242
Denmark,2012,Maize,5716.0,8.7,703.0,6116.099999999999,52170.0,50137.5,58217,167895.5,-188.39600116804368
Denmark,2013,Maize,4118.0,8.81,703.0,6193.43,58217.0,52830.666666666664,59141,148693.69,-151.4223465954245
Denmark,2009,Potatoes,2836.0,9.22,703.0,6481.660000000001,416339.0,389228.6,415861,406500.86,2.2507857192667777
Denmark,2010,Potatoes,3894.0,7.54,703.0,5300.62,415861.0,392917.8,352675,412047.33,-16.83485645424258
Denmark,2011,Potatoes,4249.48,9.31,703.0,6544.93,352675.0,384632.8,389423,405931.29,-4.239166664526743
Denmark,2012,Potatoes,5716.0,8.7,703.0,6116.099999999999,389423.0,391989.0,421316,389323.31,7.59351413191049
Denmark,2013,Potatoes,4118.0,8.81,703.0,6193.43,421316.0,399122.8,415732,412073.72,0.8799611288041402
Denmark,2009,Wheat,2836.0,9.22,703.0,6481.660000000001,78638.0,71589.2,80373,77622.7,3.4219202966170266
Denmark,2010,Wheat,3894.0,7.54,703.0,5300.62,80373.0,73382.6,66264,77532.05,-17.004783894724138
Denmark,2011,Wheat,4249.48,9.31,703.0,6544.93,66264.0,72169.8,64672,74347.95,-14.961575333993068
Denmark,2012,Wheat,5716.0,8.7,703.0,6116.099999999999,64672.0,71111.4,73687,80840.7,-9.70822533146959
Denmark,2013,Wheat,4118.0,8.81,703.0,6193.43,73687.0,72726.8,72992,72771.87,0.3015809951775601
Dominican Republic,2009,Cassava,5975.25,26.895,1410.0,37921.95,75141.0,70995.0,77183,74325.21,3.7026158610056537
Dominican Republic,2010,Cassava,6316.61,26.97,1410.0,38027.7,77183.0,73330.6,84606,76029.75,10.136692433160768
Dominican Republic,2011,Cassava,6316.61,26.725,1410.0,37682.25,84606.0,76940.0,78686,84526.32,-7.422311465826203
Dominican Republic,2012,Cassava,6316.61,26.855,1410.0,37865.55,78686.0,78240.8,75083,80617.62,-7.3713357218012
Dominican Republic,2013,Cassava,6316.61,26.695,1410.0,37639.95,75083.0,78139.8,74585,79911.42,-7.141409130522221
Dominican Republic,2009,Maize,5975.25,26.895,1410.0,37921.95,14532.0,14182.4,14645,14094.77,3.757118470467734
Dominican Republic,2010,Maize,6316.61,26.97,1410.0,38027.7,14645.0,14126.6,16818,14799.31,12.003151385420384
Dominican Republic,2011,Maize,6316.61,26.725,1410.0,37682.25,16818.0,14649.0,16229,16946.14,-4.418879783104316
Dominican Republic,2012,Maize,6316.61,26.855,1410.0,37865.55,16229.0,15114.8,15675,16281.54,-3.8694736842105315
Dominican Republic,2013,Maize,6316.61,26.695,1410.0,37639.95,15675.0,15579.8,15764,16311.34,-3.4720883024613047
Dominican Republic,2009,Plantains and others,5975.25,26.895,1410.0,37921.95,94967.0,102960.0,123255,96547.69,21.66833799845848
Dominican Republic,2010,Plantains and others,6316.61,26.97,1410.0,38027.7,123255.0,110426.2,109770,111279.18,-1.3748565181743584
Dominican Republic,2011,Plantains and others,6316.61,26.725,1410.0,37682.25,109770.0,111552.8,173430,111181.59,35.89252724442139
Dominican Republic,2012,Plantains and others,6316.61,26.855,1410.0,37865.55,173430.0,121839.2,183778,178578.68,2.829130799116329
Dominican Republic,2013,Plantains and others,6316.61,26.695,1410.0,37639.95,183778.0,137040.0,199939,181766.49,9.089027153281757
Dominican Republic,2009,Potatoes,5975.25,26.895,1410.0,37921.95,205454.0,208854.0,219707,215904.12,1.7308870450190503
Dominican Republic,2010,Potatoes,6316.61,26.97,1410.0,38027.7,219707.0,216875.4,237316,217781.3,8.23151409934434
Dominican Republic,2011,Potatoes,6316.61,26.725,1410.0,37682.25,237316.0,220185.4,236186,245286.31,-3.85302685171856
Dominican Republic,2012,Potatoes,6316.61,26.855,1410.0,37865.55,236186.0,222997.6,242634,243806.34,-0.48317218526669653
Dominican Republic,2013,Potatoes,6316.61,26.695,1410.0,37639.95,242634.0,228259.4,256603,247178.1,3.672950043452335
Dominican Republic,2009,"Rice, paddy",5975.25,26.895,1410.0,37921.95,48268.0,45667.2,42862,47359.16,-10.49218421912184
Dominican Republic,2010,"Rice, paddy",6316.61,26.97,1410.0,38027.7,42862.0,45630.8,47651,45566.37,4.374787517575701
Dominican Republic,2011,"Rice, paddy",6316.61,26.725,1410.0,37682.25,47651.0,46751.6,50057,48258.79,3.5923247497852433
Dominican Republic,2012,"Rice, paddy",6316.61,26.855,1410.0,37865.55,50057.0,47390.0,41266,49375.45,-19.651650268986568
Dominican Republic,2013,"Rice, paddy",6316.61,26.695,1410.0,37639.95,41266.0,46020.8,45123,46462.4,-2.968331006360396
Dominican Republic,2009,Sorghum,5975.25,26.895,1410.0,37921.95,21736.0,20076.4,19343,21003.48,-8.58439745644419
Dominican Republic,2010,Sorghum,6316.61,26.97,1410.0,38027.7,19343.0,20007.8,21139,20752.95,1.8262453285396625
Dominican Republic,2011,Sorghum,6316.61,26.725,1410.0,37682.25,21139.0,20128.8,14666,20963.36,-42.93849720441838
Dominican Republic,2012,Sorghum,6316.61,26.855,1410.0,37865.55,14666.0,18962.6,14585,16854.46,-15.560233116215283
Dominican Republic,2013,Sorghum,6316.61,26.695,1410.0,37639.95,14585.0,18293.8,15303,15801.99,-3.260733189570671
Dominican Republic,2009,Sweet potatoes,5975.25,26.895,1410.0,37921.95,71031.0,68673.8,77468,70023.6,9.609645272886862
Dominican Republic,2010,Sweet potatoes,6316.61,26.97,1410.0,38027.7,77468.0,71337.0,81343,74158.67,8.832142901048648
Dominican Republic,2011,Sweet potatoes,6316.61,26.725,1410.0,37682.25,81343.0,75137.8,80907,84981.29,-5.0357694637052335
Dominican Republic,2012,Sweet potatoes,6316.61,26.855,1410.0,37865.55,80907.0,77289.0,81007,85055.5,-4.997716246744108
Dominican Republic,2013,Sweet potatoes,6316.61,26.695,1410.0,37639.95,81007.0,78351.2,79812,87096.34,-9.126873151906976
Dominican Republic,2009,Yams,5975.25,26.895,1410.0,37921.95,69428.0,63834.8,70171,67462.87,3.859329352581557
Dominican Republic,2010,Yams,6316.61,26.97,1410.0,38027.7,70171.0,64953.6,69331,68924.24,0.5866928213930201
Dominican Republic,2011,Yams,6316.61,26.725,1410.0,37682.25,69331.0,67552.4,67133,67322.91,-0.2828862109543793
Dominican Republic,2012,Yams,6316.61,26.855,1410.0,37865.55,67133.0,68182.2,66228,68304.66,-3.1356223953614837
Dominican Republic,2013,Yams,6316.61,26.695,1410.0,37639.95,66228.0,68458.2,63432,70024.47,-10.392972001513435
Ecuador,2009,Cassava,9666.87,20.73,2274.0,47140.020000000004,51231.0,42883.6,31191,48742.15,-56.26991760443718
Ecuador,2010,Cassava,31637.12,20.69,2274.0,47049.060000000005,31191.0,41201.4,32033,36999.82,-15.50532263603159
Ecuador,2011,Cassava,17529.44,20.436666666666667,2274.0,46472.98,32033.0,38768.2,28346,39048.25,-37.755768009595705
Ecuador,2012,Cassava,11469.74,20.493333333333336,2274.0,46601.840000000004,28346.0,37581.6,45419,25976.9,42.806094365794046
Ecuador,2013,Cassava,6471.77,20.303333333333335,2274.0,46169.780000000006,45419.0,37644.0,25112,43220.8,-72.11213762344697
Ecuador,2009,Maize,9666.87,20.73,2274.0,47140.020000000004,22442.0,20879.2,22003,20222.41,8.092487388083445
Ecuador,2010,Maize,31637.12,20.69,2274.0,47049.060000000005,22003.0,21511.6,22348,20086.85,10.117907642742088
Ecuador,2011,Maize,17529.44,20.436666666666667,2274.0,46472.98,22348.0,21734.8,16672,22215.68,-33.25143953934741
Ecuador,2012,Maize,11469.74,20.493333333333336,2274.0,46601.840000000004,16672.0,21314.0,27324,18850.5,31.011198945981555
Ecuador,2013,Maize,6471.77,20.303333333333335,2274.0,46169.780000000006,27324.0,22157.8,23702,24856.72,-4.871825162433555
Ecuador,2009,Plantains and others,9666.87,20.73,2274.0,47140.020000000004,45571.0,55372.0,49631,50913.19,-2.5834458302270806
Ecuador,2010,Plantains and others,31637.12,20.69,2274.0,47049.060000000005,49631.0,53628.0,48375,55292.97,-14.300713178294577
Ecuador,2011,Plantains and others,17529.44,20.436666666666667,2274.0,46472.98,48375.0,51133.8,51321,54633.7,-6.454862531907011
Ecuador,2012,Plantains and others,11469.74,20.493333333333336,2274.0,46601.840000000004,51321.0,50173.4,60942,52545.63,13.777641035738903
Ecuador,2013,Plantains and others,6471.77,20.303333333333335,2274.0,46169.780000000006,60942.0,51168.0,49591,62800.44,-26.636768768526554
Ecuador,2009,Potatoes,9666.87,20.73,2274.0,47140.020000000004,61416.0,68092.2,58531,75188.12,-28.458628760827587
Ecuador,2010,Potatoes,31637.12,20.69,2274.0,47049.060000000005,58531.0,65481.0,87422,72855.41,16.66238475440964
Ecuador,2011,Potatoes,17529.44,20.436666666666667,2274.0,46472.98,87422.0,69031.8,77752,91308.9,-17.436078814692863
Ecuador,2012,Potatoes,11469.74,20.493333333333336,2274.0,46601.840000000004,77752.0,70628.6,83078,72919.33,12.227870194275257
Ecuador,2013,Potatoes,6471.77,20.303333333333335,2274.0,46169.780000000006,83078.0,73639.8,73131,88977.6,-21.668786150879935
Ecuador,2009,"Rice, paddy",9666.87,20.73,2274.0,47140.020000000004,40639.0,41471.2,40004,45624.35,-14.049470052994698
Ecuador,2010,"Rice, paddy",31637.12,20.69,2274.0,47049.060000000005,40004.0,41034.6,43399,44127.62,-1.6788866102905655
Ecuador,2011,"Rice, paddy",17529.44,20.436666666666667,2274.0,46472.98,43399.0,41916.6,44792,42475.91,5.170767101268075
Ecuador,2012,"Rice, paddy",11469.74,20.493333333333336,2274.0,46601.840000000004,44792.0,42477.8,42178,43851.31,-3.9672578121295405
Ecuador,2013,"Rice, paddy",6471.77,20.303333333333335,2274.0,46169.780000000006,42178.0,42202.4,38210,42939.92,-12.378749018581518
Ecuador,2009,Sorghum,9666.87,20.73,2274.0,47140.020000000004,16000.0,16386.6,16447,16257.87,1.149936158569947
Ecuador,2010,Sorghum,31637.12,20.69,2274.0,47049.060000000005,16447.0,15676.0,16254,17094.94,-5.173741848160445
Ecuador,2011,Sorghum,17529.44,20.436666666666667,2274.0,46472.98,16254.0,15953.8,15838,16328.35,-3.0960348528854675
Ecuador,2012,Sorghum,11469.74,20.493333333333336,2274.0,46601.840000000004,15838.0,16107.8,15667,16364.17,-4.449926597306441
Ecuador,2013,Sorghum,6471.77,20.303333333333335,2274.0,46169.780000000006,15667.0,16041.2,15608,15898.49,-1.861160943106098
Ecuador,2009,Soybeans,9666.87,20.73,2274.0,47140.020000000004,16000.0,16188.8,16585,16377.39,1.251793789568891
Ecuador,2010,Soybeans,31637.12,20.69,2274.0,47049.060000000005,16585.0,16183.8,16279,17179.13,-5.5293936974015665
Ecuador,2011,Soybeans,17529.44,20.436666666666667,2274.0,46472.98,16279.0,15510.4,16250,16605.57,-2.188123076923075
Ecuador,2012,Soybeans,11469.74,20.493333333333336,2274.0,46601.840000000004,16250.0,16460.4,16923,16448.51,2.8038172900786007
Ecuador,2013,Soybeans,6471.77,20.303333333333335,2274.0,46169.780000000006,16923.0,16407.4,16585,17025.47,-2.6558335845643724
Ecuador,2009,Sweet potatoes,9666.87,20.73,2274.0,47140.020000000004,21244.0,23046.4,18947,20261.39,-6.93719322320156
Ecuador,2010,Sweet potatoes,31637.12,20.69,2274.0,47049.060000000005,18947.0,21683.8,18963,21655.03,-14.196224226124551
Ecuador,2011,Sweet potatoes,17529.44,20.436666666666667,2274.0,46472.98,18963.0,19345.6,19113,22661.7,-18.56694396484069
Ecuador,2012,Sweet potatoes,11469.74,20.493333333333336,2274.0,46601.840000000004,19113.0,19418.2,19575,21921.82,-11.988863346104724
Ecuador,2013,Sweet potatoes,6471.77,20.303333333333335,2274.0,46169.780000000006,19575.0,19568.4,19113,21058.31,-10.177941715063053
Ecuador,2009,Wheat,9666.87,20.73,2274.0,47140.020000000004,7466.0,7739.8,8617,8564.37,0.6107694093071742
Ecuador,2010,Wheat,31637.12,20.69,2274.0,47049.060000000005,8617.0,7852.6,8912,8468.41,4.977446140035909
Ecuador,2011,Wheat,17529.44,20.436666666666667,2274.0,46472.98,8912.0,8191.0,9249,9763.11,-5.558546869931891
Ecuador,2012,Wheat,11469.74,20.493333333333336,2274.0,46601.840000000004,9249.0,8486.0,7995,10095.12,-26.267917448405264
Ecuador,2013,Wheat,6471.77,20.303333333333335,2274.0,46169.780000000006,7995.0,8447.8,7064,8539.68,-20.890147225368068
Egypt,2009,Maize,9013.0,22.15,51.0,1129.6499999999999,79053.0,80783.0,78184,80693.8,-3.2101197175892806
Egypt,2010,Maize,11590.0,23.09,51.0,1177.59,78184.0,80602.4,72700,84194.81,-15.811292984869324
Egypt,2011,Maize,12945.0,21.585,51.0,1100.835,72700.0,78821.0,77409,82763.44,-6.9170768256921065
Egypt,2012,Maize,13991.0,22.015,51.0,1122.765,77409.0,77561.8,77723,80219.54,-3.212099378562322
Egypt,2013,Maize,13653.0,22.175,51.0,1130.925,77723.0,77013.8,77223,80479.27,-4.216710047524706
Egypt,2009,Potatoes,9013.0,22.15,51.0,1129.6499999999999,259390.0,252092.2,264241,249108.99,5.726594283249007
Egypt,2010,Potatoes,11590.0,23.09,51.0,1177.59,264241.0,256051.8,259211,261920.46,-1.0452719984877152
Egypt,2011,Potatoes,12945.0,21.585,51.0,1100.835,259211.0,257728.8,264311,256629.22,2.9063413932829127
Egypt,2012,Potatoes,13991.0,22.015,51.0,1122.765,264311.0,260574.0,268531,266225.85,0.8584297529894215
Egypt,2013,Potatoes,13653.0,22.175,51.0,1130.925,268531.0,263136.8,266276,272397.3,-2.2988553230482616
Egypt,2009,"Rice, paddy",9013.0,22.15,51.0,1129.6499999999999,97349.0,98806.4,95930,99420.66,-3.638757427290736
Egypt,2010,"Rice, paddy",11590.0,23.09,51.0,1177.59,95930.0,98315.6,94217,98655.72,-4.711166774573592
Egypt,2011,"Rice, paddy",12945.0,21.585,51.0,1100.835,94217.0,97184.2,95670,98203.05,-2.6476952022577644
Egypt,2012,"Rice, paddy",13991.0,22.015,51.0,1122.765,95670.0,96168.2,95296,98906.03,-3.7882282572196093
Egypt,2013,"Rice, paddy",13653.0,22.175,51.0,1130.925,95296.0,95692.4,95865,98037.16,-2.265853022479532
Egypt,2009,Sorghum,9013.0,22.15,51.0,1129.6499999999999,56258.0,56534.4,55287,56918.62,-2.9511820138549796
Egypt,2010,Sorghum,11590.0,23.09,51.0,1177.59,55287.0,56257.0,50060,56233.14,-12.331482221334397
Egypt,2011,Sorghum,12945.0,21.585,51.0,1100.835,50060.0,55045.4,53457,54817.29,-2.5446433582131447
Egypt,2012,Sorghum,13991.0,22.015,51.0,1122.765,53457.0,54365.0,53034,50847.04,4.123694233887694
Egypt,2013,Sorghum,13653.0,22.175,51.0,1130.925,53034.0,53619.2,53777,52048.75,3.2137344961600687
Egypt,2009,Soybeans,9013.0,22.15,51.0,1129.6499999999999,33601.0,32312.8,31252,39857.41,-27.53554972481762
Egypt,2010,Soybeans,11590.0,23.09,51.0,1177.59,31252.0,32510.0,28453,33984.65,-19.44135943485749
Egypt,2011,Soybeans,12945.0,21.585,51.0,1100.835,28453.0,31400.6,31195,31068.3,0.40615483250521156
Egypt,2012,Soybeans,13991.0,22.015,51.0,1122.765,31195.0,31476.2,36186,33777.86,6.654894157961641
Egypt,2013,Soybeans,13653.0,22.175,51.0,1130.925,36186.0,32137.4,34767,55798.77,-60.493485201484155
Egypt,2009,Sweet potatoes,9013.0,22.15,51.0,1129.6499999999999,276425.0,230108.0,285425,264546.46,7.314895331523159
Egypt,2010,Sweet potatoes,11590.0,23.09,51.0,1177.59,285425.0,230944.6,306078,265505.58,13.255581910493397
Egypt,2011,Sweet potatoes,12945.0,21.585,51.0,1100.835,306078.0,257160.2,318249,304950.89,4.1785237345600414
Egypt,2012,Sweet potatoes,13991.0,22.015,51.0,1122.765,318249.0,296869.6,323485,319945.0,1.094332040125508
Egypt,2013,Sweet potatoes,13653.0,22.175,51.0,1130.925,323485.0,301932.4,336781,318405.85,5.456112429145357
Egypt,2009,Wheat,9013.0,22.15,51.0,1129.6499999999999,65031.0,64900.6,63829,65564.89,-2.7195945416660128
Egypt,2010,Wheat,11590.0,23.09,51.0,1177.59,63829.0,64553.0,55741,65500.16,-17.508046141978085
Egypt,2011,Wheat,12945.0,21.585,51.0,1100.835,55741.0,62715.4,65428,60282.63,7.864171302806142
Egypt,2012,Wheat,13991.0,22.015,51.0,1122.765,65428.0,62940.4,65823,65971.8,-0.22606079941662172
Egypt,2013,Wheat,13653.0,22.175,51.0,1130.925,65823.0,63170.4,66682,65822.78,1.288533637263431
El Salvador,2009,Cassava,3333.88,26.21,1784.0,46758.64,128900.0,121729.6,125022,124194.85,0.6616035577738272
El Salvador,2010,Cassava,3598.59,25.96,1784.0,46312.64,125022.0,126570.2,124843,123489.91,1.0838332946180373
El Salvador,2011,Cassava,3231.13,25.95,1784.0,46294.799999999996,124843.0,126530.2,145719,123462.98,15.273245081286587
El Salvador,2012,Cassava,2595.16,26.04,1784.0,46455.36,145719.0,130670.8,115775,175918.91,-51.948961347441156
El Salvador,2013,Cassava,6005.08,26.36,1784.0,47026.24,115775.0,128051.8,154928,109393.16,29.390968708045023
El Salvador,2009,Maize,3333.88,26.21,1784.0,46758.64,33895.0,30174.2,30041,36500.24,-21.501414733197958
El Salvador,2010,Maize,3598.59,25.96,1784.0,46312.64,30041.0,30654.2,30253,33021.81,-9.152183254553261
El Salvador,2011,Maize,3231.13,25.95,1784.0,46294.799999999996,30253.0,30818.0,28181,32480.6,-15.257088109009612
El Salvador,2012,Maize,2595.16,26.04,1784.0,46455.36,28181.0,30295.4,32580,32420.23,0.49039287906691353
El Salvador,2013,Maize,6005.08,26.36,1784.0,47026.24,32580.0,30990.0,29461,34473.99,-17.01568174875258
El Salvador,2009,Plantains and others,3333.88,26.21,1784.0,46758.64,311771.0,311897.4,312073,312876.66,-0.2575230795358696
El Salvador,2010,Plantains and others,3598.59,25.96,1784.0,46312.64,312073.0,311871.6,221778,312666.41,-40.981706932157365
El Salvador,2011,Plantains and others,3231.13,25.95,1784.0,46294.799999999996,221778.0,293802.2,111171,236950.54,-113.14060321486718
El Salvador,2012,Plantains and others,2595.16,26.04,1784.0,46455.36,111171.0,253700.8,143831,146358.24,-1.757089918028791
El Salvador,2013,Plantains and others,6005.08,26.36,1784.0,47026.24,143831.0,220124.8,153680,169762.38,-10.464849036959919
El Salvador,2009,Potatoes,3333.88,26.21,1784.0,46758.64,218555.0,233511.8,252417,220976.11,12.45593204895075
El Salvador,2010,Potatoes,3598.59,25.96,1784.0,46312.64,252417.0,226238.0,252796,258417.32,-2.2236586021930753
El Salvador,2011,Potatoes,3231.13,25.95,1784.0,46294.799999999996,252796.0,232553.2,196316,256861.24,-30.84070580085168
El Salvador,2012,Potatoes,2595.16,26.04,1784.0,46455.36,196316.0,227713.0,295706,203392.98,31.217837987731055
El Salvador,2013,Potatoes,6005.08,26.36,1784.0,47026.24,295706.0,243158.0,426047,265108.69,37.77477836952261
El Salvador,2009,"Rice, paddy",3333.88,26.21,1784.0,46758.64,79373.0,73302.6,69016,83162.48,-20.497391909122516
El Salvador,2010,"Rice, paddy",3598.59,25.96,1784.0,46312.64,69016.0,73819.8,70136,80773.02,-15.166276947644583
El Salvador,2011,"Rice, paddy",3231.13,25.95,1784.0,46294.799999999996,70136.0,73423.4,54783,80455.19,-46.86159940127412
El Salvador,2012,"Rice, paddy",2595.16,26.04,1784.0,46455.36,54783.0,69591.8,63968,64066.24,-0.15357678839419392
El Salvador,2013,"Rice, paddy",6005.08,26.36,1784.0,47026.24,63968.0,67455.2,61615,71112.1,-15.413616814087488
El Salvador,2009,Sorghum,3333.88,26.21,1784.0,46758.64,13899.0,15892.2,17133,15008.72,12.398762621840897
El Salvador,2010,Sorghum,3598.59,25.96,1784.0,46312.64,17133.0,16119.0,17201,17485.4,-1.6533922446369482
El Salvador,2011,Sorghum,3231.13,25.95,1784.0,46294.799999999996,17201.0,16387.4,14534,17457.76,-20.1166918948672
El Salvador,2012,Sorghum,2595.16,26.04,1784.0,46455.36,14534.0,15614.8,13204,16001.02,-21.183126325355957
El Salvador,2013,Sorghum,6005.08,26.36,1784.0,47026.24,13204.0,15194.2,16633,14704.96,11.591655143389652
El Salvador,2009,Soybeans,3333.88,26.21,1784.0,46758.64,19279.0,20037.4,19172,21633.21,-12.8375234717296
El Salvador,2010,Soybeans,3598.59,25.96,1784.0,46312.64,19172.0,19790.0,18000,20627.06,-14.594777777777784
El Salvador,2011,Soybeans,3231.13,25.95,1784.0,46294.799999999996,18000.0,19236.4,19222,19849.71,-3.2655811049838683
El Salvador,2012,Soybeans,2595.16,26.04,1784.0,46455.36,19222.0,19004.2,19231,20408.73,-6.124122510529871
El Salvador,2013,Soybeans,6005.08,26.36,1784.0,47026.24,19231.0,18980.8,19231,20044.45,-4.229889241329108
El Salvador,2009,Sweet potatoes,3333.88,26.21,1784.0,46758.64,61614.0,62549.6,61191,68556.73,-12.037276723701192
El Salvador,2010,Sweet potatoes,3598.59,25.96,1784.0,46312.64,61191.0,62270.8,60767,68967.03,-13.494215610446458
El Salvador,2011,Sweet potatoes,3231.13,25.95,1784.0,46294.799999999996,60767.0,61942.4,60343,68485.47,-13.49364466466699
El Salvador,2012,Sweet potatoes,2595.16,26.04,1784.0,46455.36,60343.0,61560.8,58333,68418.81,-17.290058800336
El Salvador,2013,Sweet potatoes,6005.08,26.36,1784.0,47026.24,58333.0,60449.6,58333,62078.2,-6.420379545025967
Eritrea,2009,Maize,27.63,25.3,383.0,9689.9,2123.0,5502.8,8689,4706.19,45.837380596156066
Eritrea,2010,Maize,27.63,25.22,383.0,9659.26,8689.0,6758.8,9000,4883.97,45.733666666666664
Eritrea,2011,Maize,27.63,24.78,383.0,9490.74,9000.0,7577.6,9524,6797.81,28.624422511549763
Eritrea,2012,Maize,27.63,25.16,383.0,9636.28,9524.0,7531.4,10476,6281.15,40.04247804505537
Eritrea,2013,Maize,27.63,25.87,383.0,9908.210000000001,10476.0,7962.4,10000,6436.97,35.6303
Eritrea,2009,Potatoes,27.63,25.3,383.0,9689.9,8406.0,50943.6,12000,30740.54,-156.1711666666667
Eritrea,2010,Potatoes,27.63,25.22,383.0,9659.26,12000.0,40543.6,15729,56287.7,-257.8593680462839
Eritrea,2011,Potatoes,27.63,24.78,383.0,9490.74,15729.0,27827.2,18180,21154.94,-16.363806380638056
Eritrea,2012,Potatoes,27.63,25.16,383.0,9636.28,18180.0,15764.6,14209,17167.8,-20.82342177493138
Eritrea,2013,Potatoes,27.63,25.87,383.0,9908.210000000001,14209.0,13704.8,12819,18740.05,-46.189640377564544
Eritrea,2009,Sorghum,27.63,25.3,383.0,9689.9,2727.0,6387.0,2358,5740.74,-143.45801526717557
Eritrea,2010,Sorghum,27.63,25.22,383.0,9659.26,2358.0,6322.6,1320,4936.97,-274.0128787878788
Eritrea,2011,Sorghum,27.63,24.78,383.0,9490.74,1320.0,5005.2,1124,3092.8,-175.16014234875445
Eritrea,2012,Sorghum,27.63,25.16,383.0,9636.28,1124.0,3644.4,1269,2135.15,-68.25453112687157
Eritrea,2013,Sorghum,27.63,25.87,383.0,9908.210000000001,1269.0,1759.6,1200,2695.25,-124.60416666666667
Eritrea,2009,Wheat,27.63,25.3,383.0,9689.9,3307.0,7570.2,10706,7192.79,32.81533719409676
Eritrea,2010,Wheat,27.63,25.22,383.0,9659.26,10706.0,9115.4,11786,8331.31,29.31181062277279
Eritrea,2011,Wheat,27.63,24.78,383.0,9490.74,11786.0,9159.6,11154,8214.46,26.354133046440747
Eritrea,2012,Wheat,27.63,25.16,383.0,9636.28,11154.0,9069.6,12692,8435.85,33.534115978569176
Eritrea,2013,Wheat,27.63,25.87,383.0,9908.210000000001,12692.0,9929.0,12000,8658.73,27.84391666666667
Estonia,2009,Potatoes,402.0,6.14,626.0,3843.64,142273.0,140110.2,152752,135625.95,11.211669896302496
Estonia,2010,Potatoes,514.0,5.06,626.0,3167.56,152752.0,149977.4,174562,136717.47,21.679706923614532
Estonia,2011,Potatoes,460.0,6.98,626.0,4369.4800000000005,174562.0,154834.4,178361,166907.46,6.421549553994432
Estonia,2012,Potatoes,553.0,5.57,626.0,3486.82,178361.0,163985.0,182175,190823.0,-4.747083847948401
Estonia,2013,Potatoes,567.0,7.28,626.0,4557.28,182175.0,166024.6,193558,185649.32,4.085948397896234
Estonia,2009,Wheat,402.0,6.14,626.0,3843.64,31831.0,29330.2,30146,31750.92,-5.323824056259531
Estonia,2010,Wheat,514.0,5.06,626.0,3167.56,30146.0,30342.8,27440,30464.3,-11.021501457725945
Estonia,2011,Wheat,460.0,6.98,626.0,4369.4800000000005,27440.0,29667.2,28065,31296.28,-11.513557812221624
Estonia,2012,Wheat,553.0,5.57,626.0,3486.82,28065.0,30445.6,38994,30479.03,21.83661588962405
Estonia,2013,Wheat,567.0,7.28,626.0,4557.28,38994.0,31295.2,32754,35823.64,-9.371801917323074
Finland,2009,Potatoes,1693.8,5.49,536.0,2942.6400000000003,261221.0,241540.0,286098,253283.64,11.469622297254782
Finland,2010,Potatoes,1746.71,4.36,536.0,2336.96,286098.0,253382.4,261548,273338.14,-4.507830302659555
Finland,2011,Potatoes,1707.54,6.38,536.0,3419.68,261548.0,254294.0,275943,254711.32,7.694226706240054
Finland,2012,Potatoes,1545.25,5.12,536.0,2744.32,275943.0,268361.2,236522,270740.82,-14.467499852022225
Finland,2013,Potatoes,1475.39,6.17,536.0,3307.12,236522.0,264266.4,281312,261090.14,7.188410021613008
Finland,2009,Wheat,1693.8,5.49,536.0,2942.6400000000003,36408.0,36670.8,41027,34574.08,15.728471494381743
Finland,2010,Wheat,1746.71,4.36,536.0,2336.96,41027.0,37928.6,34299,41665.97,-21.47867284760489
Finland,2011,Wheat,1707.54,6.38,536.0,3419.68,34299.0,37327.6,38469,35232.31,8.413761730224342
Finland,2012,Wheat,1545.25,5.12,536.0,2744.32,38469.0,37906.4,39028,36449.2,6.6075638003484745
Finland,2013,Wheat,1475.39,6.17,536.0,3307.12,39028.0,37846.2,38215,37332.61,2.3090147847703766
France,2009,Maize,63676.0,11.46,867.0,9935.820000000002,91258.0,88868.6,88934,91452.41,-2.831774124631753
France,2010,Maize,61903.0,10.41,867.0,9025.47,88934.0,88674.0,88299,92420.76,-4.6679577345156735
France,2011,Maize,61039.0,12.33,867.0,10690.11,88299.0,89826.0,99668,98070.95,1.6023698679616356
France,2012,Maize,63547.59,11.22,867.0,9727.74,99668.0,92596.0,90024,104823.3,-16.439282857904562
France,2013,Maize,66497.29,11.01,867.0,9545.67,90024.0,91636.6,81592,100650.15,-23.357865967251684
France,2009,Potatoes,63676.0,11.46,867.0,9935.820000000002,435194.0,433367.8,437856,430670.45,1.64107606153621
France,2010,Potatoes,61903.0,10.41,867.0,9025.47,437856.0,430106.6,421566,434008.51,-2.951497511658912
France,2011,Potatoes,61039.0,12.33,867.0,10690.11,421566.0,429974.4,468991,422842.36,9.839984136156135
France,2012,Potatoes,63547.59,11.22,867.0,9727.74,468991.0,443390.8,413769,436059.06,-5.3870782973108176
France,2013,Potatoes,66497.29,11.01,867.0,9545.67,413769.0,435475.2,431560,429369.26,0.5076327741217886
France,2009,"Rice, paddy",63676.0,11.46,867.0,9935.820000000002,57599.0,54624.2,57406,57573.62,-0.29199038428039337
France,2010,"Rice, paddy",61903.0,10.41,867.0,9025.47,57406.0,54685.8,50432,57519.48,-14.05353743654823
France,2011,"Rice, paddy",61039.0,12.33,867.0,10690.11,50432.0,53309.4,56263,50862.9,9.597959582674225
France,2012,"Rice, paddy",63547.59,11.22,867.0,9727.74,56263.0,53610.8,55947,57936.81,-3.556598209019246
France,2013,"Rice, paddy",66497.29,11.01,867.0,9545.67,55947.0,55529.4,39400,57771.03,-46.62697969543147
France,2009,Sorghum,63676.0,11.46,867.0,9935.820000000002,62159.0,56184.0,53928,65853.87,-22.114430351579877
France,2010,Sorghum,61903.0,10.41,867.0,9025.47,53928.0,56272.8,55112,55070.05,0.07611772390767363
France,2011,Sorghum,61039.0,12.33,867.0,10690.11,55112.0,56996.2,64627,57017.13,11.775063054141462
France,2012,Sorghum,63547.59,11.22,867.0,9727.74,64627.0,58896.2,56861,56093.43,1.3499059109055411
France,2013,Sorghum,66497.29,11.01,867.0,9545.67,56861.0,58537.4,54344,57624.73,-6.036968202561466
France,2009,Soybeans,63676.0,11.46,867.0,9935.820000000002,28986.0,26418.2,25109,26304.1,-4.75964793500338
France,2010,Soybeans,61903.0,10.41,867.0,9025.47,25109.0,26419.2,27495,27673.41,-0.6488816148390611
France,2011,Soybeans,61039.0,12.33,867.0,10690.11,27495.0,26950.8,29473,27420.23,6.964917042717064
France,2012,Soybeans,63547.59,11.22,867.0,9727.74,29473.0,27410.8,27815,30353.56,-9.126586374258498
France,2013,Soybeans,66497.29,11.01,867.0,9545.67,27815.0,27775.6,25599,28739.62,-12.268526114301336
France,2009,Wheat,63676.0,11.46,867.0,9935.820000000002,71018.0,69329.8,74478,66523.14,10.680818496737292
France,2010,Wheat,61903.0,10.41,867.0,9025.47,74478.0,69067.8,70405,73803.19,-4.826631631276191
France,2011,Wheat,61039.0,12.33,867.0,10690.11,70405.0,69171.4,66563,66779.26,-0.32489521205473726
France,2012,Wheat,63547.59,11.22,867.0,9727.74,66563.0,69001.2,71512,70393.41,1.5641990155498326
France,2013,Wheat,66497.29,11.01,867.0,9545.67,71512.0,70795.2,72656,68573.1,5.61949460471261
Germany,2009,Maize,39289.43,8.52,700.0,5964.0,98099.0,91197.2,97500,95350.1,2.2050256410256353
Germany,2010,Maize,40832.42,7.1433333333333335,700.0,5000.333333333333,97500.0,92504.0,90261,101832.05,-12.819545540155774
Germany,2011,Maize,43754.35,8.950000000000001,700.0,6265.000000000001,90261.0,92128.4,106243,93786.47,11.724565383131123
Germany,2012,Maize,45522.5,8.346666666666666,700.0,5842.666666666666,106243.0,97315.6,104802,108620.13,-3.6431842903761424
Germany,2013,Maize,43756.1,8.43,700.0,5901.0,104802.0,99381.0,88276,111674.57,-26.50615116226382
Germany,2009,Potatoes,39289.43,8.52,700.0,5964.0,437606.0,417662.0,443045,408625.25,7.768906093060525
Germany,2010,Potatoes,40832.42,7.1433333333333335,700.0,5000.333333333333,443045.0,417919.8,398758,413669.73,-3.7395437834476
Germany,2011,Potatoes,43754.35,8.950000000000001,700.0,6265.000000000001,398758.0,413711.8,457565,410143.86,10.36380404969786
Germany,2012,Potatoes,45522.5,8.346666666666666,700.0,5842.666666666666,457565.0,432088.8,447570,421350.38,5.858216591818039
Germany,2013,Potatoes,43756.1,8.43,700.0,5901.0,447570.0,436908.8,398258,424204.02,-6.51487729060057
Germany,2009,Soybeans,39289.43,8.52,700.0,5964.0,10000.0,12984.2,10000,11636.53,-16.36530000000001
Germany,2010,Soybeans,40832.42,7.1433333333333335,700.0,5000.333333333333,10000.0,11067.4,20000,10986.8,45.066
Germany,2011,Soybeans,43754.35,8.950000000000001,700.0,6265.000000000001,20000.0,12000.0,15000,16124.03,-7.493533333333338
Germany,2012,Soybeans,45522.5,8.346666666666666,700.0,5842.666666666666,15000.0,13000.0,20000,14150.52,29.247399999999995
Germany,2013,Soybeans,43756.1,8.43,700.0,5901.0,20000.0,15000.0,20000,18864.66,5.6767
Germany,2009,Wheat,39289.43,8.52,700.0,5964.0,80873.0,75771.6,78091,76414.18,2.1472640893316863
Germany,2010,Wheat,40832.42,7.1433333333333335,700.0,5000.333333333333,78091.0,75046.6,72120,78519.87,-8.873918469217964
Germany,2011,Wheat,43754.35,8.950000000000001,700.0,6265.000000000001,72120.0,74540.4,70139,74296.23,-5.927130412466668
Germany,2012,Wheat,45522.5,8.346666666666666,700.0,5842.666666666666,70139.0,74166.8,73312,77205.69,-5.311122326494983
Germany,2013,Wheat,43756.1,8.43,700.0,5901.0,73312.0,74907.0,79979,75143.94,6.045411920629162
Ghana,2009,Cassava,378.97,27.14,1187.0,32215.18,135145.0,127314.6,138074,140081.71,-1.4540825933919432
Ghana,2010,Cassava,378.97,27.57,1187.0,32725.59,138074.0,130083.8,154330,142998.85,7.342156418065181
Ghana,2011,Cassava,378.97,27.11,1187.0,32179.57,154330.0,135437.8,160124,152280.81,4.898197646823713
Ghana,2012,Cassava,378.97,26.86,1187.0,31882.82,160124.0,143062.6,167489,163523.27,2.367755494390683
Ghana,2013,Cassava,378.97,27.24,1187.0,32333.879999999997,167489.0,151032.4,182704,161543.05,11.582094535423423
Ghana,2009,Maize,378.97,27.14,1187.0,32215.18,17371.0,15841.8,16969,17582.24,-3.6138841416701135
Ghana,2010,Maize,378.97,27.57,1187.0,32725.59,16969.0,16076.8,18874,17768.92,5.855038677545839
Ghana,2011,Maize,378.97,27.11,1187.0,32179.57,18874.0,16729.0,16458,19698.66,-19.690484870579656
Ghana,2012,Maize,378.97,26.86,1187.0,31882.82,16458.0,17021.8,18712,17682.47,5.501977340743902
Ghana,2013,Maize,378.97,27.24,1187.0,32333.879999999997,18712.0,17676.8,17240,19625.98,-13.839791183294661
Ghana,2009,Plantains and others,378.97,27.14,1187.0,32215.18,107039.0,98179.8,109659,108030.95,1.4846478629205109
Ghana,2010,Plantains and others,378.97,27.57,1187.0,32725.59,109659.0,103177.6,107868,111061.26,-2.9603404160640734
Ghana,2011,Plantains and others,378.97,27.11,1187.0,32179.57,107868.0,105496.0,107574,110664.88,-2.8732593377581988
Ghana,2012,Plantains and others,378.97,26.86,1187.0,31882.82,107574.0,107612.8,105443,113391.78,-7.5384615384615365
Ghana,2013,Plantains and others,378.97,27.24,1187.0,32333.879999999997,105443.0,107516.6,108397,113579.46,-4.780999474155195
Ghana,2009,"Rice, paddy",378.97,27.14,1187.0,32215.18,22735.0,20784.0,24109,20856.97,13.488863080177522
Ghana,2010,"Rice, paddy",378.97,27.57,1187.0,32725.59,24109.0,21555.2,27126,23043.35,15.050689375506899
Ghana,2011,"Rice, paddy",378.97,27.11,1187.0,32179.57,27126.0,22197.0,23495,27180.07,-15.68448606086401
Ghana,2012,"Rice, paddy",378.97,26.86,1187.0,31882.82,23495.0,22896.0,25386,23087.08,9.055857559284638
Ghana,2013,"Rice, paddy",378.97,27.24,1187.0,32333.879999999997,25386.0,24570.2,26378,25940.45,1.658768670862079
Ghana,2009,Sorghum,378.97,27.14,1187.0,32215.18,11997.0,9779.0,13119,10329.28,21.26473054348654
Ghana,2010,Sorghum,378.97,27.57,1187.0,32725.59,13119.0,10477.4,12846,11298.18,12.049042503503033
Ghana,2011,Sorghum,378.97,27.11,1187.0,32179.57,12846.0,11046.6,11790,11813.89,-0.2026293469041511
Ghana,2012,Sorghum,378.97,26.86,1187.0,31882.82,11790.0,11435.8,12129,10833.1,10.684310330612579
Ghana,2013,Sorghum,378.97,27.24,1187.0,32333.879999999997,12129.0,12376.2,11369,12280.55,-8.01785557216993
Ghana,2009,Sweet potatoes,378.97,27.14,1187.0,32215.18,15759.0,14778.8,16326,17320.12,-6.089182898444193
Ghana,2010,Sweet potatoes,378.97,27.57,1187.0,32725.59,16326.0,15192.2,16904,20700.07,-22.45663748225272
Ghana,2011,Sweet potatoes,378.97,27.11,1187.0,32179.57,16904.0,15799.2,17687,23654.93,-33.741900831118905
Ghana,2012,Sweet potatoes,378.97,26.86,1187.0,31882.82,17687.0,16383.6,18243,24633.49,-35.02981965685469
Ghana,2013,Sweet potatoes,378.97,27.24,1187.0,32333.879999999997,18243.0,16983.8,18243,26330.86,-44.33404593542729
Ghana,2009,Yams,378.97,27.14,1187.0,32215.18,140831.0,128258.8,152555,140495.56,7.904978532332603
Ghana,2010,Yams,378.97,27.57,1187.0,32725.59,152555.0,133725.8,154841,155303.84,-0.2989130785773771
Ghana,2011,Yams,378.97,27.11,1187.0,32179.57,154841.0,143079.6,155906,155917.4,-0.007312098315648005
Ghana,2012,Yams,378.97,26.86,1187.0,31882.82,155906.0,147873.2,155717,158814.98,-1.989493761117932
Ghana,2013,Yams,378.97,27.24,1187.0,32333.879999999997,155717.0,151970.0,167820,160082.51,4.610588726015965
Greece,2009,Maize,3404.4,18.52,652.0,12075.039999999999,104810.0,102107.4,104326,103627.42,0.6696125606272663
Greece,2010,Maize,5607.7,19.3,652.0,12583.6,104326.0,102755.0,103818,103360.97,0.4402223121231374
Greece,2011,Maize,8189.8,17.67,652.0,11520.840000000002,103818.0,102912.0,107069,101839.8,4.883953338501337
Greece,2012,Maize,8002.2,18.82,652.0,12270.64,107069.0,104049.2,104559,106676.11,-2.0247993955565766
Greece,2013,Maize,8081.72,19.36,652.0,12622.72,104559.0,104916.4,106689,107196.56,-0.47573789237878095
Greece,2009,Potatoes,3404.4,18.52,652.0,12075.039999999999,201148.0,201853.2,207007,204447.74,1.2363156801460864
Greece,2010,Potatoes,5607.7,19.3,652.0,12583.6,207007.0,202727.0,206835,203442.48,1.6402059612734738
Greece,2011,Potatoes,8189.8,17.67,652.0,11520.840000000002,206835.0,203958.0,202160,194317.16,3.8795211713494244
Greece,2012,Potatoes,8002.2,18.82,652.0,12270.64,202160.0,204707.6,199165,201978.87,-1.4128335801973213
Greece,2013,Potatoes,8081.72,19.36,652.0,12622.72,199165.0,203263.0,206787,202905.92,1.8768491249449855
Greece,2009,"Rice, paddy",3404.4,18.52,652.0,12075.039999999999,73731.0,74460.4,76682,74287.81,3.1222320753240687
Greece,2010,"Rice, paddy",5607.7,19.3,652.0,12583.6,76682.0,75589.2,69283,75046.95,-8.319429008559094
Greece,2011,"Rice, paddy",8189.8,17.67,652.0,11520.840000000002,69283.0,74634.0,81086,73180.57,9.749438867375371
Greece,2012,"Rice, paddy",8002.2,18.82,652.0,12270.64,81086.0,75423.8,74926,78512.89,-4.78724341350132
Greece,2013,"Rice, paddy",8081.72,19.36,652.0,12622.72,74926.0,75141.6,83964,74666.13,11.07363870230098
Greece,2009,Sorghum,3404.4,18.52,652.0,12075.039999999999,10635.0,13679.6,21040,12337.32,41.36254752851711
Greece,2010,Sorghum,5607.7,19.3,652.0,12583.6,21040.0,14641.6,16082,16331.66,-1.552418853376445
Greece,2011,Sorghum,8189.8,17.67,652.0,11520.840000000002,16082.0,15147.2,7930,17486.92,-120.51601513240855
Greece,2012,Sorghum,8002.2,18.82,652.0,12270.64,7930.0,13444.0,14311,12233.73,14.51519809936413
Greece,2013,Sorghum,8081.72,19.36,652.0,12622.72,14311.0,13999.6,26357,14953.09,43.2671017187085
Greece,2009,Soybeans,3404.4,18.52,652.0,12075.039999999999,3684.0,10255.4,19920,14059.54,29.419979919678713
Greece,2010,Soybeans,5607.7,19.3,652.0,12583.6,19920.0,13986.4,27089,15703.84,42.02872014470818
Greece,2011,Soybeans,8189.8,17.67,652.0,11520.840000000002,27089.0,18661.0,25449,24759.9,2.7077684781327305
Greece,2012,Soybeans,8002.2,18.82,652.0,12270.64,25449.0,19452.6,25983,22808.35,12.21818111842359
Greece,2013,Soybeans,8081.72,19.36,652.0,12622.72,25983.0,20425.0,27376,24338.52,11.095412039742838
Greece,2009,Sweet potatoes,3404.4,18.52,652.0,12075.039999999999,211841.0,200750.8,204975,198236.0,3.2877180143919995
Greece,2010,Sweet potatoes,5607.7,19.3,652.0,12583.6,204975.0,200653.2,215419,194060.88,9.914687191009147
Greece,2011,Sweet potatoes,8189.8,17.67,652.0,11520.840000000002,215419.0,206532.0,197379,199312.71,-0.9796938884075772
Greece,2012,Sweet potatoes,8002.2,18.82,652.0,12270.64,197379.0,208774.8,199034,200079.66,-0.5253675251464591
Greece,2013,Sweet potatoes,8081.72,19.36,652.0,12622.72,199034.0,205729.6,221642,193805.78,12.559090786042356
Greece,2009,Wheat,3404.4,18.52,652.0,12075.039999999999,27769.0,24359.2,27436,26491.33,3.4431768479370106
Greece,2010,Wheat,5607.7,19.3,652.0,12583.6,27436.0,24895.0,26044,27023.85,-3.7622868990938354
Greece,2011,Wheat,8189.8,17.67,652.0,11520.840000000002,26044.0,25292.2,27004,26695.21,1.143497259665238
Greece,2012,Wheat,8002.2,18.82,652.0,12270.64,27004.0,26121.2,26650,27905.95,-4.712757973733586
Greece,2013,Wheat,8081.72,19.36,652.0,12622.72,26650.0,26980.6,27777,27077.38,2.518702523670659
Guatemala,2009,Cassava,13276.7,19.99,1996.0,39900.03999999999,12834.0,13833.6,12531,16088.35,-28.388396775995535
Guatemala,2010,Cassava,14898.25,19.85,1996.0,39620.600000000006,12531.0,13373.2,12511,17703.66,-41.504755814882905
Guatemala,2011,Cassava,16540.71,19.85,1996.0,39620.600000000006,12511.0,13008.8,12491,17390.12,-39.22119926346969
Guatemala,2012,Cassava,19726.3,19.88,1996.0,39680.479999999996,12491.0,12740.2,12470,17411.73,-39.62894947874899
Guatemala,2013,Cassava,20489.4,20.37,1996.0,40658.520000000004,12470.0,12567.4,12450,17179.42,-37.98730923694777
Guatemala,2009,Maize,13276.7,19.99,1996.0,39900.03999999999,20115.0,22761.6,19798,20802.26,-5.072532579048381
Guatemala,2010,Maize,14898.25,19.85,1996.0,39620.600000000006,19798.0,22459.8,19944,20765.21,-4.117579221821095
Guatemala,2011,Maize,16540.71,19.85,1996.0,39620.600000000006,19944.0,21776.6,19976,20764.6,-3.9477372847416827
Guatemala,2012,Maize,19726.3,19.88,1996.0,39680.479999999996,19976.0,20610.4,20348,20713.46,-1.7960487517200665
Guatemala,2013,Maize,20489.4,20.37,1996.0,40658.520000000004,20348.0,20036.2,20827,21249.48,-2.0285206702837644
Guatemala,2009,Plantains and others,13276.7,19.99,1996.0,39900.03999999999,175233.0,192014.6,194704,190695.08,2.0589818390993573
Guatemala,2010,Plantains and others,14898.25,19.85,1996.0,39620.600000000006,194704.0,179034.4,162205,196700.69,-21.26672420702198
Guatemala,2011,Plantains and others,16540.71,19.85,1996.0,39620.600000000006,162205.0,172534.6,164167,166712.39,-1.550488222358948
Guatemala,2012,Plantains and others,19726.3,19.88,1996.0,39680.479999999996,164167.0,172750.8,171753,169008.69,1.597823618801417
Guatemala,2013,Plantains and others,20489.4,20.37,1996.0,40658.520000000004,171753.0,173612.4,179551,174359.27,2.891507148386815
Guatemala,2009,Potatoes,13276.7,19.99,1996.0,39900.03999999999,242863.0,253181.0,252535,254715.71,-0.8635278278258427
Guatemala,2010,Potatoes,14898.25,19.85,1996.0,39620.600000000006,252535.0,252527.2,252547,256099.01,-1.4064748343872664
Guatemala,2011,Potatoes,16540.71,19.85,1996.0,39620.600000000006,252547.0,249356.0,255064,256604.93,-0.6041346485587904
Guatemala,2012,Potatoes,19726.3,19.88,1996.0,39680.479999999996,255064.0,250699.6,249536,258156.04,-3.4544274172864866
Guatemala,2013,Potatoes,20489.4,20.37,1996.0,40658.520000000004,249536.0,250509.0,247554,254351.74,-2.7459624970713423
Guatemala,2009,"Rice, paddy",13276.7,19.99,1996.0,39900.03999999999,30625.0,27437.8,28922,27633.38,4.455501002696905
Guatemala,2010,"Rice, paddy",14898.25,19.85,1996.0,39620.600000000006,28922.0,27975.0,28258,27364.8,3.1608747965178026
Guatemala,2011,"Rice, paddy",16540.71,19.85,1996.0,39620.600000000006,28258.0,28134.0,28621,27891.26,2.54966632891933
Guatemala,2012,"Rice, paddy",19726.3,19.88,1996.0,39680.479999999996,28621.0,28925.8,28928,29241.63,-1.084174502212393
Guatemala,2013,"Rice, paddy",20489.4,20.37,1996.0,40658.520000000004,28928.0,29070.8,29387,29425.89,-0.1323374281144704
Guatemala,2009,Sorghum,13276.7,19.99,1996.0,39900.03999999999,16657.0,16083.6,17523,16924.03,3.4181932317525603
Guatemala,2010,Sorghum,14898.25,19.85,1996.0,39620.600000000006,17523.0,16287.8,17398,17245.29,0.8777445683411835
Guatemala,2011,Sorghum,16540.71,19.85,1996.0,39620.600000000006,17398.0,16522.4,17482,17142.0,1.9448575677840065
Guatemala,2012,Sorghum,19726.3,19.88,1996.0,39680.479999999996,17482.0,17311.6,17558,17289.44,1.5295591753047117
Guatemala,2013,Sorghum,20489.4,20.37,1996.0,40658.520000000004,17558.0,17323.6,17290,17654.66,-2.109080393290919
Guatemala,2009,Soybeans,13276.7,19.99,1996.0,39900.03999999999,26923.0,26923.0,25714,27374.26,-6.456638407093405
Guatemala,2010,Soybeans,14898.25,19.85,1996.0,39620.600000000006,25714.0,26681.2,31313,28263.75,9.737968255995911
Guatemala,2011,Soybeans,16540.71,19.85,1996.0,39620.600000000006,31313.0,27559.2,26429,28939.24,-9.498051382950552
Guatemala,2012,Soybeans,19726.3,19.88,1996.0,39680.479999999996,26429.0,27460.4,26429,27095.29,-2.521056415301377
Guatemala,2013,Soybeans,20489.4,20.37,1996.0,40658.520000000004,26429.0,27361.6,25333,27385.58,-8.10239608415901
Guatemala,2009,Sweet potatoes,13276.7,19.99,1996.0,39900.03999999999,66667.0,64108.0,65000,63074.93,2.961646153846153
Guatemala,2010,Sweet potatoes,14898.25,19.85,1996.0,39620.600000000006,65000.0,63774.6,58333,63262.78,-8.451099720569829
Guatemala,2011,Sweet potatoes,16540.71,19.85,1996.0,39620.600000000006,58333.0,62500.0,64286,62328.25,3.0453753538873163
Guatemala,2012,Sweet potatoes,19726.3,19.88,1996.0,39680.479999999996,64286.0,62857.2,65000,63284.78,2.638800000000002
Guatemala,2013,Sweet potatoes,20489.4,20.37,1996.0,40658.520000000004,65000.0,63857.2,63636,62974.38,1.0396945125400756
Guatemala,2009,Wheat,13276.7,19.99,1996.0,39900.03999999999,24013.0,22085.2,22131,25169.35,-13.728932266955848
Guatemala,2010,Wheat,14898.25,19.85,1996.0,39620.600000000006,22131.0,22474.6,20574,23213.3,-12.828327014678717
Guatemala,2011,Wheat,16540.71,19.85,1996.0,39620.600000000006,20574.0,22331.8,20509,22326.04,-8.85972012287289
Guatemala,2012,Wheat,19726.3,19.88,1996.0,39680.479999999996,20509.0,21891.2,21677,21664.16,0.05923328873921735
Guatemala,2013,Wheat,20489.4,20.37,1996.0,40658.520000000004,21677.0,21780.8,20240,22147.47,-9.424258893280637
Guinea,2009,Cassava,449.26,27.37,1651.0,45187.87,75231.0,77086.0,84899,81284.61,4.2572821823578595
Guinea,2010,Cassava,556.24,27.8,1651.0,45897.8,84899.0,79087.4,84900,87723.7,-3.325912838633683
Guinea,2011,Cassava,663.23,27.51,1651.0,45419.01,84900.0,80740.2,84900,88282.94,-3.9846171967020054
Guinea,2012,Cassava,770.21,27.28,1651.0,45039.28,84900.0,82035.8,69200,86089.31,-24.40651734104046
Guinea,2013,Cassava,877.19,27.29,1651.0,45055.79,69200.0,79826.0,69000,83233.17,-20.62778260869565
Guinea,2009,Maize,449.26,27.37,1651.0,45187.87,10793.0,14570.4,16318,12567.79,22.98204436818237
Guinea,2010,Maize,556.24,27.8,1651.0,45897.8,16318.0,14805.4,16313,15655.81,4.028627475019926
Guinea,2011,Maize,663.23,27.51,1651.0,45419.01,16313.0,14990.4,16584,15939.42,3.886758321273516
Guinea,2012,Maize,770.21,27.28,1651.0,45039.28,16584.0,15179.8,12200,17455.16,-43.075081967213116
Guinea,2013,Maize,877.19,27.29,1651.0,45055.79,12200.0,14441.6,12500,13190.78,-5.526240000000005
Guinea,2009,Plantains and others,449.26,27.37,1651.0,45187.87,52140.0,52089.4,52202,52511.98,-0.5938086663346294
Guinea,2010,Plantains and others,556.24,27.8,1651.0,45897.8,52202.0,52096.8,52256,53184.69,-1.7771930496019641
Guinea,2011,Plantains and others,663.23,27.51,1651.0,45419.01,52256.0,52119.8,52614,52678.57,-0.12272398981259686
Guinea,2012,Plantains and others,770.21,27.28,1651.0,45039.28,52614.0,52223.4,52222,52967.29,-1.4271571368388818
Guinea,2013,Plantains and others,877.19,27.29,1651.0,45055.79,52222.0,52286.8,52200,52519.0,-0.6111111111111112
Guinea,2009,Potatoes,449.26,27.37,1651.0,45187.87,65720.0,62214.0,89880,64071.22,28.714708500222518
Guinea,2010,Potatoes,556.24,27.8,1651.0,45897.8,89880.0,67918.8,59840,92465.0,-54.520387700534755
Guinea,2011,Potatoes,663.23,27.51,1651.0,45419.01,59840.0,67166.2,56960,63831.86,-12.06436095505618
Guinea,2012,Potatoes,770.21,27.28,1651.0,45039.28,56960.0,66356.0,68229,61076.58,10.482961790441012
Guinea,2013,Potatoes,877.19,27.29,1651.0,45055.79,68229.0,68125.8,75236,64229.93,14.628728268382158
Guinea,2009,"Rice, paddy",449.26,27.37,1651.0,45187.87,19308.0,17960.6,16705,20160.21,-20.683687518706968
Guinea,2010,"Rice, paddy",556.24,27.8,1651.0,45897.8,16705.0,17805.8,11008,18320.11,-66.42541787790698
Guinea,2011,"Rice, paddy",663.23,27.51,1651.0,45419.01,11008.0,16492.4,11567,12530.05,-8.325840753868759
Guinea,2012,"Rice, paddy",770.21,27.28,1651.0,45039.28,11567.0,15271.4,12000,13214.35,-10.119583333333336
Guinea,2013,"Rice, paddy",877.19,27.29,1651.0,45055.79,12000.0,14117.6,12500,12633.59,-1.0687200000000012
Guinea,2009,Sorghum,449.26,27.37,1651.0,45187.87,10029.0,10291.8,9602,10140.36,-5.606748594042914
Guinea,2010,Sorghum,556.24,27.8,1651.0,45897.8,9602.0,10145.4,9799,11201.16,-14.309215226043474
Guinea,2011,Sorghum,663.23,27.51,1651.0,45419.01,9799.0,10040.6,9730,10267.53,-5.524460431654683
Guinea,2012,Sorghum,770.21,27.28,1651.0,45039.28,9730.0,9903.2,9661,9774.0,-1.1696511748266225
Guinea,2013,Sorghum,877.19,27.29,1651.0,45055.79,9661.0,9764.2,9592,9867.29,-2.869995829858224
Guinea,2009,Sweet potatoes,449.26,27.37,1651.0,45187.87,36535.0,36703.8,32878,36099.83,-9.799349108826576
Guinea,2010,Sweet potatoes,556.24,27.8,1651.0,45897.8,32878.0,36023.0,31033,34640.91,-11.626043244288349
Guinea,2011,Sweet potatoes,663.23,27.51,1651.0,45419.01,31033.0,34911.6,34726,32529.29,6.325836548983468
Guinea,2012,Sweet potatoes,770.21,27.28,1651.0,45039.28,34726.0,34430.8,34799,35626.64,-2.3783442052932537
Guinea,2013,Sweet potatoes,877.19,27.29,1651.0,45055.79,34799.0,33994.2,34607,35616.39,-2.916722050452219
Guinea,2009,Yams,449.26,27.37,1651.0,45187.87,91167.0,109788.6,133141,103112.45,22.553946567924232
Guinea,2010,Yams,556.24,27.8,1651.0,45897.8,133141.0,113584.4,109240,133166.15,-21.90237092640058
Guinea,2011,Yams,663.23,27.51,1651.0,45419.01,109240.0,112663.8,111221,107366.53,3.4655955260247624
Guinea,2012,Yams,770.21,27.28,1651.0,45039.28,111221.0,111219.8,111594,108762.0,2.537770847895048
Guinea,2013,Yams,877.19,27.29,1651.0,45055.79,111594.0,111272.6,113722,118883.25,-4.538479801621498
Guyana,2009,Cassava,264.47,27.67,2387.0,66048.29000000001,103175.0,108140.8,109231,108589.46,0.587324111287083
Guyana,2010,Cassava,211.83,27.87,2387.0,66525.69,109231.0,108020.2,106800,104261.87,2.3765262172284687
Guyana,2011,Cassava,400.76,27.43,2387.0,65475.409999999996,106800.0,107704.6,95857,108206.77,-12.883534848785175
Guyana,2012,Cassava,427.73,27.42,2387.0,65451.54,95857.0,104833.2,110944,100188.46,9.69456662820882
Guyana,2013,Cassava,358.72,27.3,2387.0,65165.1,110944.0,105201.4,109286,108887.24,0.3648774774444986
Guyana,2009,Maize,264.47,27.67,2387.0,66048.29000000001,13333.0,13101.4,13476,12583.57,6.622365687147523
Guyana,2010,Maize,211.83,27.87,2387.0,66525.69,13476.0,13296.6,13773,12976.13,5.785740216365358
Guyana,2011,Maize,400.76,27.43,2387.0,65475.409999999996,13773.0,13551.2,13868,13567.27,2.1685174502451656
Guyana,2012,Maize,427.73,27.42,2387.0,65451.54,13868.0,14324.8,13854,14120.51,-1.9237043453154339
Guyana,2013,Maize,358.72,27.3,2387.0,65165.1,13854.0,13660.8,13841,13287.98,3.995520554873206
Guyana,2009,Plantains and others,264.47,27.67,2387.0,66048.29000000001,21350.0,31756.0,33056,25514.36,22.814738625363017
Guyana,2010,Plantains and others,211.83,27.87,2387.0,66525.69,33056.0,30812.0,46653,32097.8,31.198851092105546
Guyana,2011,Plantains and others,400.76,27.43,2387.0,65475.409999999996,46653.0,34164.2,26306,41919.36,-59.35284725918042
Guyana,2012,Plantains and others,427.73,27.42,2387.0,65451.54,26306.0,32414.4,32736,29898.58,8.667583088954052
Guyana,2013,Plantains and others,358.72,27.3,2387.0,65165.1,32736.0,32020.2,33143,33081.45,0.18571040642067077
Guyana,2009,"Rice, paddy",264.47,27.67,2387.0,66048.29000000001,42324.0,42918.0,44353,42320.14,4.583365274051362
Guyana,2010,"Rice, paddy",211.83,27.87,2387.0,66525.69,44353.0,43129.8,42328,43344.61,-2.401743526743528
Guyana,2011,"Rice, paddy",400.76,27.43,2387.0,65475.409999999996,42328.0,43716.0,44102,42550.95,3.5169606820552426
Guyana,2012,"Rice, paddy",427.73,27.42,2387.0,65451.54,44102.0,43283.4,45280,43460.04,4.019346289752648
Guyana,2013,"Rice, paddy",358.72,27.3,2387.0,65165.1,45280.0,43677.4,49996,43216.57,13.559944795583649
Guyana,2009,Sweet potatoes,264.47,27.67,2387.0,66048.29000000001,214445.0,136575.2,329827,197946.15,39.984855697077556
Guyana,2010,Sweet potatoes,211.83,27.87,2387.0,66525.69,329827.0,190515.6,321208,306691.61,4.519311474184956
Guyana,2011,Sweet potatoes,400.76,27.43,2387.0,65475.409999999996,321208.0,236162.2,314369,299701.86,4.665580893790422
Guyana,2012,Sweet potatoes,427.73,27.42,2387.0,65451.54,314369.0,271482.0,293877,292864.71,0.3444604375299799
Guyana,2013,Sweet potatoes,358.72,27.3,2387.0,65165.1,293877.0,294745.2,254655,268465.69,-5.423294260862737
Guyana,2009,Yams,264.47,27.67,2387.0,66048.29000000001,123377.0,100116.4,122139,124089.54,-1.5969837643995721
Guyana,2010,Yams,211.83,27.87,2387.0,66525.69,122139.0,105655.4,123760,124576.87,-0.6600436328377467
Guyana,2011,Yams,400.76,27.43,2387.0,65475.409999999996,123760.0,111657.4,57333,122991.23,-114.52083442345595
Guyana,2012,Yams,427.73,27.42,2387.0,65451.54,57333.0,104552.6,58600,70558.57,-20.407116040955646
Guyana,2013,Yams,358.72,27.3,2387.0,65165.1,58600.0,97041.8,55067,70821.7,-28.610056839849634
Haiti,2009,Cassava,27.85,27.35,1440.0,39384.0,43939.0,44160.0,44173,44443.65,-0.612704593303605
Haiti,2010,Cassava,27.85,27.19,1440.0,39153.6,44173.0,44047.2,44629,44120.53,1.1393264469291293
Haiti,2011,Cassava,27.85,27.1,1440.0,39024.0,44629.0,44181.8,44502,45122.84,-1.3950833670396758
Haiti,2012,Cassava,27.85,27.2,1440.0,39168.0,44502.0,44272.2,44590,44550.89,0.08771024893474003
Haiti,2013,Cassava,27.85,27.2,1440.0,39168.0,44590.0,44366.6,44678,44951.66,-0.6125162272259356
Haiti,2009,Maize,27.85,27.35,1440.0,39384.0,7807.0,7764.4,8013,7837.27,2.193061275427425
Haiti,2010,Maize,27.85,27.19,1440.0,39153.6,8013.0,7844.0,8045,8018.69,0.3270354257302722
Haiti,2011,Maize,27.85,27.1,1440.0,39024.0,8045.0,7892.6,8103,8176.17,-0.90299888930026
Haiti,2012,Maize,27.85,27.2,1440.0,39168.0,8103.0,7954.2,8168,8303.55,-1.6595249755141928
Haiti,2013,Maize,27.85,27.2,1440.0,39168.0,8168.0,8027.2,8545,8233.61,3.644119368051485
Haiti,2009,Plantains and others,27.85,27.35,1440.0,39384.0,64516.0,64770.4,95921,64205.61,33.06407356053419
Haiti,2010,Plantains and others,27.85,27.19,1440.0,39153.6,95921.0,71227.4,66250,105020.66,-58.521750943396235
Haiti,2011,Plantains and others,27.85,27.1,1440.0,39024.0,66250.0,71237.2,66250,70284.39,-6.089645283018867
Haiti,2012,Plantains and others,27.85,27.2,1440.0,39168.0,66250.0,71560.4,66750,70284.39,-5.294966292134831
Haiti,2013,Plantains and others,27.85,27.2,1440.0,39168.0,66750.0,71937.4,51436,70775.25,-37.598666303756126
Haiti,2009,Potatoes,27.85,27.35,1440.0,39384.0,130435.0,130098.4,125000,126937.94,-1.550352000000002
Haiti,2010,Potatoes,27.85,27.19,1440.0,39153.6,125000.0,129542.8,121373,122704.1,-1.0967019024000444
Haiti,2011,Potatoes,27.85,27.1,1440.0,39024.0,121373.0,127817.4,126448,123825.59,2.07390389725421
Haiti,2012,Potatoes,27.85,27.2,1440.0,39168.0,126448.0,127014.8,127191,123349.57,3.0202058321736547
Haiti,2013,Potatoes,27.85,27.2,1440.0,39168.0,127191.0,126089.4,127142,125246.71,1.4906875776690578
Haiti,2009,"Rice, paddy",27.85,27.35,1440.0,39384.0,20755.0,20955.8,22313,21355.24,4.292385604804367
Haiti,2010,"Rice, paddy",27.85,27.19,1440.0,39153.6,22313.0,21316.8,23321,21589.15,7.426139530894896
Haiti,2011,"Rice, paddy",27.85,27.1,1440.0,39024.0,23321.0,21927.0,24043,23326.91,2.978372083350664
Haiti,2012,"Rice, paddy",27.85,27.2,1440.0,39168.0,24043.0,22584.6,24722,23517.08,4.873877518000155
Haiti,2013,"Rice, paddy",27.85,27.2,1440.0,39168.0,24722.0,23030.8,28789,23826.71,17.236757094723682
Haiti,2009,Sorghum,27.85,27.35,1440.0,39384.0,8696.0,8609.0,10125,8563.91,15.418172839506175
Haiti,2010,Sorghum,27.85,27.19,1440.0,39153.6,10125.0,8981.8,9161,9813.33,-7.120729178037331
Haiti,2011,Sorghum,27.85,27.1,1440.0,39024.0,9161.0,9074.8,9035,9793.75,-8.397897066961816
Haiti,2012,Sorghum,27.85,27.2,1440.0,39168.0,9035.0,9142.6,8939,9501.55,-6.293209531267471
Haiti,2013,Sorghum,27.85,27.2,1440.0,39168.0,8939.0,9191.2,8529,9484.53,-11.203306366514253
Haiti,2009,Sweet potatoes,27.85,27.35,1440.0,39384.0,30026.0,31595.8,39258,32306.73,17.706633042946663
Haiti,2010,Sweet potatoes,27.85,27.19,1440.0,39153.6,39258.0,32819.8,45841,39667.05,13.468183503850259
Haiti,2011,Sweet potatoes,27.85,27.1,1440.0,39024.0,45841.0,35982.0,51166,45856.55,10.376910448344598
Haiti,2012,Sweet potatoes,27.85,27.2,1440.0,39168.0,51166.0,39261.0,56801,52101.05,8.274414182848888
Haiti,2013,Sweet potatoes,27.85,27.2,1440.0,39168.0,56801.0,44618.4,90938,55231.84,39.26428995579406
Haiti,2009,Yams,27.85,27.35,1440.0,39384.0,54651.0,55837.6,64220,53701.24,16.379258797882283
Haiti,2010,Yams,27.85,27.19,1440.0,39153.6,64220.0,57687.2,69948,63099.21,9.791259221135702
Haiti,2011,Yams,27.85,27.1,1440.0,39024.0,69948.0,60676.8,74540,68868.96,7.608049369466049
Haiti,2012,Yams,27.85,27.2,1440.0,39168.0,74540.0,63624.2,79363,74657.93,5.928543527840438
Haiti,2013,Yams,27.85,27.2,1440.0,39168.0,79363.0,68544.4,110560,79867.0,27.761396526772792
Honduras,2009,Cassava,4344.36,24.77,1976.0,48945.52,57405.0,45503.2,65876,56810.52,13.76143056651892
Honduras,2010,Cassava,5736.63,24.49,1976.0,48392.24,65876.0,50946.2,63483,63838.53,-0.5600396956665545
Honduras,2011,Cassava,6324.41,24.63,1976.0,48668.88,63483.0,55642.8,77259,62101.66,19.61886641038584
Honduras,2012,Cassava,7194.91,24.47,1976.0,48352.72,77259.0,63055.4,70134,77266.25,-10.169461316907634
Honduras,2013,Cassava,7194.91,24.86,1976.0,49123.36,70134.0,66831.4,76637,69406.58,9.434633401620625
Honduras,2009,Maize,4344.36,24.77,1976.0,48945.52,16885.0,15688.6,17503,17349.69,0.8759069873736005
Honduras,2010,Maize,5736.63,24.49,1976.0,48392.24,17503.0,16418.2,16504,17827.86,-8.021449345613188
Honduras,2011,Maize,6324.41,24.63,1976.0,48668.88,16504.0,16641.6,16593,16695.58,-0.6182124992466809
Honduras,2012,Maize,7194.91,24.47,1976.0,48352.72,16593.0,16881.4,15795,17294.0,-9.490345045900602
Honduras,2013,Maize,7194.91,24.86,1976.0,49123.36,15795.0,16656.0,16214,15116.74,6.767361539410388
Honduras,2009,Plantains and others,4344.36,24.77,1976.0,48945.52,86715.0,86476.6,98922,84749.76,14.326681627949297
Honduras,2010,Plantains and others,5736.63,24.49,1976.0,48392.24,98922.0,89177.0,108014,99209.16,8.151572944247965
Honduras,2011,Plantains and others,6324.41,24.63,1976.0,48668.88,108014.0,93891.8,119975,107819.05,10.13206918107939
Honduras,2012,Plantains and others,7194.91,24.47,1976.0,48352.72,119975.0,99915.4,119965,120108.06,-0.11925144833909695
Honduras,2013,Plantains and others,7194.91,24.86,1976.0,49123.36,119965.0,106718.2,121433,119844.24,1.3083428722011272
Honduras,2009,Potatoes,4344.36,24.77,1976.0,48945.52,210827.0,178073.2,166654,205048.35,-23.038360915429575
Honduras,2010,Potatoes,5736.63,24.49,1976.0,48392.24,166654.0,176855.0,146252,171952.89,-17.57301780488473
Honduras,2011,Potatoes,6324.41,24.63,1976.0,48668.88,146252.0,173723.8,159629,160629.23,-0.6265966710309596
Honduras,2012,Potatoes,7194.91,24.47,1976.0,48352.72,159629.0,173057.0,142073,168327.06,-18.4792747390426
Honduras,2013,Potatoes,7194.91,24.86,1976.0,49123.36,142073.0,165087.0,163465,160513.34,1.805683173768087
Honduras,2009,"Rice, paddy",4344.36,24.77,1976.0,48945.52,51911.0,46018.0,49376,51750.72,-4.809462086843813
Honduras,2010,"Rice, paddy",5736.63,24.49,1976.0,48392.24,49376.0,47683.2,57287,51660.84,9.821006511075819
Honduras,2011,"Rice, paddy",6324.41,24.63,1976.0,48668.88,57287.0,51657.2,57761,57242.36,0.8979068921936937
Honduras,2012,"Rice, paddy",7194.91,24.47,1976.0,48352.72,57761.0,53363.6,59734,56768.61,4.9643251749422435
Honduras,2013,"Rice, paddy",7194.91,24.86,1976.0,49123.36,59734.0,55213.8,61214,59645.53,2.5622733361649317
Honduras,2009,Sorghum,4344.36,24.77,1976.0,48945.52,11500.0,11499.4,11492,11640.22,-1.2897667942916755
Honduras,2010,Sorghum,5736.63,24.49,1976.0,48392.24,11492.0,11496.0,10442,11789.94,-12.908829726106113
Honduras,2011,Sorghum,6324.41,24.63,1976.0,48668.88,10442.0,11286.0,12477,11030.38,11.59429350004008
Honduras,2012,Sorghum,7194.91,24.47,1976.0,48352.72,12477.0,11481.4,12333,12526.98,-1.5728533203600064
Honduras,2013,Sorghum,7194.91,24.86,1976.0,49123.36,12333.0,11648.8,11980,13488.75,-12.593906510851419
Honduras,2009,Soybeans,4344.36,24.77,1976.0,48945.52,20598.0,20932.8,20687,20579.85,0.5179581379610453
Honduras,2010,Soybeans,5736.63,24.49,1976.0,48392.24,20687.0,20912.8,20753,20357.3,1.906712282561561
Honduras,2011,Soybeans,6324.41,24.63,1976.0,48668.88,20753.0,20839.0,20819,20698.92,0.5767808252077513
Honduras,2012,Soybeans,7194.91,24.47,1976.0,48352.72,20819.0,20736.2,20884,31777.7,-52.162899827619235
Honduras,2013,Soybeans,7194.91,24.86,1976.0,49123.36,20884.0,20748.2,20950,20697.09,1.2072076372315028
Honduras,2009,Sweet potatoes,4344.36,24.77,1976.0,48945.52,64286.0,64187.8,64220,64032.98,0.2912176891933927
Honduras,2010,Sweet potatoes,5736.63,24.49,1976.0,48392.24,64220.0,64339.4,63916,64280.83,-0.5707960448088143
Honduras,2011,Sweet potatoes,6324.41,24.63,1976.0,48668.88,63916.0,64292.4,64000,63211.14,1.2325937500000008
Honduras,2012,Sweet potatoes,7194.91,24.47,1976.0,48352.72,64000.0,64235.2,62500,64318.7,-2.909919999999995
Honduras,2013,Sweet potatoes,7194.91,24.86,1976.0,49123.36,62500.0,63784.4,62500,64391.62,-3.0265920000000044
Honduras,2009,Wheat,4344.36,24.77,1976.0,48945.52,5452.0,5368.4,5750,5649.04,1.7558260869565225
Honduras,2010,Wheat,5736.63,24.49,1976.0,48392.24,5750.0,5461.0,5524,6179.03,-11.857892831281676
Honduras,2011,Wheat,6324.41,24.63,1976.0,48668.88,5524.0,5500.4,5445,5862.36,-7.665013774104677
Honduras,2012,Wheat,7194.91,24.47,1976.0,48352.72,5445.0,5516.0,5517,5782.38,-4.810222947253944
Honduras,2013,Wheat,7194.91,24.86,1976.0,49123.36,5517.0,5537.6,5528,5977.25,-8.126808972503618
Hungary,2009,Maize,11144.0,11.48,589.0,6761.72,74653.0,65145.6,63945,70697.49,-10.559840487919313
Hungary,2010,Maize,10299.5,10.35,589.0,6096.15,63945.0,63932.2,64745,53786.03,16.926357247663915
Hungary,2011,Maize,8473.26,10.92,589.0,6431.88,64745.0,61767.0,64976,47072.37,27.554220019699578
Hungary,2012,Maize,8141.17,11.31,589.0,6661.59,64976.0,61129.2,39979,45854.1,-14.69546511918757
Hungary,2013,Maize,7744.5,12.44,589.0,7327.16,39979.0,61659.6,54373,56340.51,-3.618542291210715
Hungary,2009,Potatoes,11144.0,11.48,589.0,6761.72,269012.0,250526.6,251082,271662.08,-8.196557300005583
Hungary,2010,Potatoes,10299.5,10.35,589.0,6096.15,251082.0,250101.0,217319,246087.23,-13.237788688517806
Hungary,2011,Potatoes,8473.26,10.92,589.0,6431.88,217319.0,241809.6,285714,226796.1,20.62128562128562
Hungary,2012,Potatoes,8141.17,11.31,589.0,6661.59,285714.0,248964.0,218385,281077.81,-28.70747075119628
Hungary,2013,Potatoes,7744.5,12.44,589.0,7327.16,218385.0,248302.4,232630,224864.16,3.3382796715814798
Hungary,2009,"Rice, paddy",11144.0,11.48,589.0,6761.72,39404.0,35832.0,43223,40313.96,6.730305624320387
Hungary,2010,"Rice, paddy",10299.5,10.35,589.0,6096.15,43223.0,37657.2,29465,38530.39,-30.766638384524008
Hungary,2011,"Rice, paddy",8473.26,10.92,589.0,6431.88,29465.0,36465.0,32411,34020.42,-4.965659806855692
Hungary,2012,"Rice, paddy",8141.17,11.31,589.0,6661.59,32411.0,36478.8,38074,38867.06,-2.082943741135677
Hungary,2013,"Rice, paddy",7744.5,12.44,589.0,7327.16,38074.0,36515.4,32727,41426.75,-26.582790967702508
Hungary,2009,Sorghum,11144.0,11.48,589.0,6761.72,37808.0,29227.0,27160,36715.37,-35.181774668630354
Hungary,2010,Sorghum,10299.5,10.35,589.0,6096.15,27160.0,30591.8,10263,31985.22,-211.65565624086526
Hungary,2011,Sorghum,8473.26,10.92,589.0,6431.88,10263.0,26516.0,21952,15903.11,27.555074708454807
Hungary,2012,Sorghum,8141.17,11.31,589.0,6661.59,21952.0,23694.6,28081,26963.07,3.9810904170079424
Hungary,2013,Sorghum,7744.5,12.44,589.0,7327.16,28081.0,25052.8,27111,28547.07,-5.297001217218102
Hungary,2009,Soybeans,11144.0,11.48,589.0,6761.72,26186.0,22636.8,23990,24607.74,-2.574989578991253
Hungary,2010,Soybeans,10299.5,10.35,589.0,6096.15,23990.0,22688.2,22670,22418.85,1.1078517865019915
Hungary,2011,Soybeans,8473.26,10.92,589.0,6431.88,22670.0,22586.6,23155,22834.79,1.3828978622327754
Hungary,2012,Soybeans,8141.17,11.31,589.0,6661.59,23155.0,22481.8,16556,21849.16,-31.971249093984056
Hungary,2013,Soybeans,7744.5,12.44,589.0,7327.16,16556.0,22511.4,18597,23152.18,-24.494165725654675
Hungary,2009,Wheat,11144.0,11.48,589.0,6761.72,50024.0,44558.4,38546,46449.61,-20.50435842889016
Hungary,2010,Wheat,10299.5,10.35,589.0,6096.15,38546.0,42032.8,37038,46182.17,-24.6886170959555
Hungary,2011,Wheat,8473.26,10.92,589.0,6431.88,37038.0,40440.4,41994,46911.85,-11.710839643758629
Hungary,2012,Wheat,8141.17,11.31,589.0,6661.59,41994.0,40695.4,37485,39572.65,-5.569294384420439
Hungary,2013,Wheat,7744.5,12.44,589.0,7327.16,37485.0,41017.4,46386,46598.38,-0.4578536627430634
India,2009,Cassava,28707.01,26.612727272727273,1083.0,28821.583636363637,335407.0,310831.4,343433,320848.73,6.5760337533085105
India,2010,Cassava,40093.69,26.579090909090908,1083.0,28785.155454545453,343433.0,325430.8,347555,317524.74,8.640433888161589
India,2011,Cassava,55540.0,25.79909090909091,1083.0,27940.415454545455,347555.0,333946.2,364770,312869.03,14.228409682813819
India,2012,Cassava,52980.0,26.017272727272726,1083.0,28176.706363636364,364770.0,342673.8,385818,350464.03,9.163380142968958
India,2013,Cassava,45620.0,26.75181818181818,1083.0,28972.21909090909,385818.0,355396.6,349594,364331.15,-4.2155042706682675
India,2009,Maize,28707.01,26.612727272727273,1083.0,28821.583636363637,24140.0,21015.0,20238,24724.85,-22.17042197845636
India,2010,Maize,40093.69,26.579090909090908,1083.0,28785.155454545453,20238.0,21248.0,25401,20500.68,19.291838903980157
India,2011,Maize,55540.0,25.79909090909091,1083.0,27940.415454545455,25401.0,22451.2,24784,25215.24,-1.7399935442220853
India,2012,Maize,52980.0,26.017272727272726,1083.0,28176.706363636364,24784.0,23583.0,25557,25054.01,1.9681104981022874
India,2013,Maize,45620.0,26.75181818181818,1083.0,28972.21909090909,25557.0,24024.0,25726,25817.4,-0.35528259348519575
India,2009,Potatoes,28707.01,26.612727272727273,1083.0,28821.583636363637,192973.0,183998.6,188103,183804.98,2.2849290016639765
India,2010,Potatoes,40093.69,26.579090909090908,1083.0,28785.155454545453,188103.0,184001.0,199299,184336.26,7.507684433940959
India,2011,Potatoes,55540.0,25.79909090909091,1083.0,27940.415454545455,199299.0,186079.2,227240,190287.13,16.261604471043828
India,2012,Potatoes,52980.0,26.017272727272726,1083.0,28176.706363636364,227240.0,194343.2,217530,228149.3,-4.88176343492851
India,2013,Potatoes,45620.0,26.75181818181818,1083.0,28972.21909090909,217530.0,205029.0,227606,219602.4,3.5164275106983145
India,2009,"Rice, paddy",28707.01,26.612727272727273,1083.0,28821.583636363637,32509.0,31697.0,32366,32998.62,-1.954581968732629
India,2010,"Rice, paddy",40093.69,26.579090909090908,1083.0,28785.155454545453,32366.0,32219.0,33587,33468.01,0.3542739750498644
India,2011,"Rice, paddy",55540.0,25.79909090909091,1083.0,27940.415454545455,33587.0,32629.0,35878,34445.39,3.993004069346119
India,2012,"Rice, paddy",52980.0,26.017272727272726,1083.0,28176.706363636364,35878.0,33452.8,36909,36033.63,2.3716979598471988
India,2013,"Rice, paddy",45620.0,26.75181818181818,1083.0,28972.21909090909,36909.0,34249.8,36070,37730.95,-4.604796229553638
India,2009,Sorghum,28707.01,26.612727272727273,1083.0,28821.583636363637,10209.0,8516.8,9621,10501.15,-9.148217441014443
India,2010,Sorghum,40093.69,26.579090909090908,1083.0,28785.155454545453,9621.0,9008.8,8602,9694.31,-12.698325970704483
India,2011,Sorghum,55540.0,25.79909090909091,1083.0,27940.415454545455,8602.0,9135.6,9487,9638.74,-1.5994518815220806
India,2012,Sorghum,52980.0,26.017272727272726,1083.0,28176.706363636364,9487.0,9272.4,9568,9327.3,2.515677257525091
India,2013,Sorghum,45620.0,26.75181818181818,1083.0,28972.21909090909,9568.0,9497.4,8502,9319.84,-9.619383674429548
India,2009,Soybeans,28707.01,26.612727272727273,1083.0,28821.583636363637,10415.0,10642.0,10236,10905.79,-6.543474013286449
India,2010,Soybeans,40093.69,26.579090909090908,1083.0,28785.155454545453,10236.0,10872.8,13330,10809.27,18.910202550637656
India,2011,Soybeans,55540.0,25.79909090909091,1083.0,27940.415454545455,13330.0,11392.0,11998,14258.08,-18.837139523253875
India,2012,Soybeans,52980.0,26.017272727272726,1083.0,28176.706363636364,11998.0,11666.0,13530,13057.77,3.4902439024390213
India,2013,Soybeans,45620.0,26.75181818181818,1083.0,28972.21909090909,13530.0,11901.8,10123,15114.05,-49.30406006124666
India,2009,Sweet potatoes,28707.01,26.612727272727273,1083.0,28821.583636363637,88943.0,87966.6,90080,87721.93,2.617750888099475
India,2010,Sweet potatoes,40093.69,26.579090909090908,1083.0,28785.155454545453,90080.0,88265.0,92069,91056.13,1.1001205617525935
India,2011,Sweet potatoes,55540.0,25.79909090909091,1083.0,27940.415454545455,92069.0,88983.4,92456,90781.98,1.8106126157307303
India,2012,Sweet potatoes,52980.0,26.017272727272726,1083.0,28176.706363636364,92456.0,90104.8,97174,92537.76,4.771070450943673
India,2013,Sweet potatoes,45620.0,26.75181818181818,1083.0,28972.21909090909,97174.0,92144.4,101288,95720.49,5.496712344996441
India,2009,Wheat,28707.01,26.612727272727273,1083.0,28821.583636363637,28022.0,26887.4,29071,27909.24,3.9962849575177954
India,2010,Wheat,40093.69,26.579090909090908,1083.0,28785.155454545453,29071.0,27275.2,28395,28479.0,-0.29582673005810883
India,2011,Wheat,55540.0,25.79909090909091,1083.0,27940.415454545455,28395.0,27751.0,29886,28550.42,4.468915211135655
India,2012,Wheat,52980.0,26.017272727272726,1083.0,28176.706363636364,29886.0,28490.6,31775,30039.25,5.462627852084973
India,2013,Wheat,45620.0,26.75181818181818,1083.0,28972.21909090909,31775.0,29429.8,31538,31234.24,0.9631555583740199
Indonesia,2009,Cassava,1597.0,27.075,2702.0,73156.65,180950.0,164808.8,187461,189694.52,-1.191458490032588
Indonesia,2010,Cassava,1597.0,27.076666666666668,2702.0,73161.15333333334,187461.0,171365.2,202174,193478.19,4.301151483375705
Indonesia,2011,Cassava,1597.0,26.83666666666667,2702.0,72512.67333333334,202174.0,179955.2,202955,208423.51,-2.6944445813111324
Indonesia,2012,Cassava,1597.0,27.026666666666667,2702.0,73026.05333333333,202955.0,187980.4,214018,209859.89,1.942878636376373
Indonesia,2013,Cassava,1597.0,27.015,2702.0,72994.53,214018.0,197511.6,224601,220471.02,1.8388074852738905
Indonesia,2009,Maize,1597.0,27.075,2702.0,73156.65,40776.0,36010.8,42372,41675.05,1.6448362125932152
Indonesia,2010,Maize,1597.0,27.076666666666668,2702.0,73161.15333333334,42372.0,37797.4,44359,44332.07,0.06070921346288305
Indonesia,2011,Maize,1597.0,26.83666666666667,2702.0,72512.67333333334,44359.0,39761.4,45652,45527.69,0.27229913256811894
Indonesia,2012,Maize,1597.0,27.026666666666667,2702.0,73026.05333333333,45652.0,41952.0,48987,48317.12,1.367464837609973
Indonesia,2013,Maize,1597.0,27.015,2702.0,72994.53,48987.0,44429.2,48441,65506.38,-35.229206663776544
Indonesia,2009,Potatoes,1597.0,27.075,2702.0,73156.65,166719.0,164977.0,165123,166501.78,-0.8350017865469976
Indonesia,2010,Potatoes,1597.0,27.076666666666668,2702.0,73161.15333333334,165123.0,165227.6,159445,166227.36,-4.253730126375857
Indonesia,2011,Potatoes,1597.0,26.83666666666667,2702.0,72512.67333333334,159445.0,164313.8,159562,165081.18,-3.458956393126179
Indonesia,2012,Potatoes,1597.0,27.026666666666667,2702.0,73026.05333333333,159562.0,162353.6,165820,163810.76,1.2116994331202453
Indonesia,2013,Potatoes,1597.0,27.015,2702.0,72994.53,165820.0,163333.8,160184,166247.71,-3.785465464715572
Indonesia,2009,"Rice, paddy",1597.0,27.075,2702.0,73156.65,48948.0,46661.0,49985,65586.95,-31.21326397919375
Indonesia,2010,"Rice, paddy",1597.0,27.076666666666668,2702.0,73161.15333333334,49985.0,47585.0,50153,62364.43,-24.348354036647855
Indonesia,2011,"Rice, paddy",1597.0,26.83666666666667,2702.0,72512.67333333334,50153.0,48467.8,49802,62525.11,-25.54738765511425
Indonesia,2012,"Rice, paddy",1597.0,27.026666666666667,2702.0,73026.05333333333,49802.0,49188.0,51360,65382.88,-27.3031152647975
Indonesia,2013,"Rice, paddy",1597.0,27.015,2702.0,72994.53,51360.0,50049.6,51520,60981.25,-18.36422748447205
Indonesia,2009,Soybeans,1597.0,27.075,2702.0,73156.65,13119.0,12942.4,13483,13290.77,1.4257212786471822
Indonesia,2010,Soybeans,1597.0,27.076666666666668,2702.0,73161.15333333334,13483.0,13078.8,13726,14718.82,-7.233134197872648
Indonesia,2011,Soybeans,1597.0,26.83666666666667,2702.0,72512.67333333334,13726.0,13222.8,13681,14830.13,-8.39945910386667
Indonesia,2012,Soybeans,1597.0,27.026666666666667,2702.0,73026.05333333333,13681.0,13383.4,14854,14696.31,1.061599569139629
Indonesia,2013,Soybeans,1597.0,27.015,2702.0,72994.53,14854.0,13772.6,14161,15132.07,-6.857354706588516
Indonesia,2009,Sweet potatoes,1597.0,27.075,2702.0,73156.65,107743.0,105366.8,111920,105964.14,5.321533238027163
Indonesia,2010,Sweet potatoes,1597.0,27.076666666666668,2702.0,73161.15333333334,111920.0,107140.2,113272,106106.66,6.325782188007624
Indonesia,2011,Sweet potatoes,1597.0,26.83666666666667,2702.0,72512.67333333334,113272.0,108969.0,123289,106648.3,13.497311195646
Indonesia,2012,Sweet potatoes,1597.0,27.026666666666667,2702.0,73026.05333333333,123289.0,112573.4,139290,127121.95,8.735767104601912
Indonesia,2013,Sweet potatoes,1597.0,27.015,2702.0,72994.53,139290.0,119102.8,147465,153882.35,-4.351778388092094
Iraq,2009,Maize,1429.27,22.065,216.0,4766.04,23492.0,23617.2,20878,23694.47,-13.490133154516723
Iraq,2010,Maize,1612.61,23.729999999999997,216.0,5125.679999999999,20878.0,23295.6,23586,22814.74,3.2699906724327925
Iraq,2011,Maize,1795.94,21.61,216.0,4667.76,23586.0,23397.0,26077,23605.4,9.478084135445023
Iraq,2012,Maize,1979.27,22.52,216.0,4864.32,26077.0,23761.4,33444,26490.82,20.79051548857792
Iraq,2013,Maize,2162.6,23.455,216.0,5066.28,33444.0,25495.4,42214,34784.52,17.59956412564553
Iraq,2009,Potatoes,1429.27,22.065,216.0,4766.04,105689.0,156545.0,113307,127741.34,-12.739142330129644
Iraq,2010,Potatoes,1612.61,23.729999999999997,216.0,5125.679999999999,113307.0,146690.2,157177,135283.1,13.929455327433399
Iraq,2011,Potatoes,1795.94,21.61,216.0,4667.76,157177.0,146439.4,137820,157441.28,-14.236888695399797
Iraq,2012,Potatoes,1979.27,22.52,216.0,4864.32,137820.0,138714.6,134713,156017.62,-15.814821138271729
Iraq,2013,Potatoes,2162.6,23.455,216.0,5066.28,134713.0,129741.2,170599,142147.38,16.677483455354366
Iraq,2009,"Rice, paddy",1429.27,22.065,216.0,4766.04,29281.0,29413.2,31511,31876.44,-1.159722001840623
Iraq,2010,"Rice, paddy",1612.61,23.729999999999997,216.0,5125.679999999999,31511.0,30033.6,32482,31852.97,1.9365494735545805
Iraq,2011,"Rice, paddy",1795.94,21.61,216.0,4667.76,32482.0,30754.2,35762,34241.44,4.251887478328946
Iraq,2012,"Rice, paddy",1979.27,22.52,216.0,4864.32,35762.0,32133.2,45468,40863.97,10.125868742852113
Iraq,2013,"Rice, paddy",2162.6,23.455,216.0,5066.28,45468.0,34900.8,47162,63751.65,-35.17588312624571
Iraq,2009,Sorghum,1429.27,22.065,216.0,4766.04,9791.0,9963.8,14279,8044.63,43.66111072203936
Iraq,2010,Sorghum,1612.61,23.729999999999997,216.0,5125.679999999999,14279.0,10708.4,29960,14768.39,50.70630841121495
Iraq,2011,Sorghum,1795.94,21.61,216.0,4667.76,29960.0,14750.4,31873,23026.66,27.754965017412857
Iraq,2012,Sorghum,1979.27,22.52,216.0,4864.32,31873.0,19125.0,7314,29216.78,-299.463768115942
Iraq,2013,Sorghum,2162.6,23.455,216.0,5066.28,7314.0,18643.4,19215,13848.82,27.927036169659118
Iraq,2009,Soybeans,1429.27,22.065,216.0,4766.04,9016.0,9302.4,8846,9705.03,-9.710942799005208
Iraq,2010,Soybeans,1612.61,23.729999999999997,216.0,5125.679999999999,8846.0,9071.6,8675,10926.19,-25.95031700288185
Iraq,2011,Soybeans,1795.94,21.61,216.0,4667.76,8675.0,8963.8,8504,9352.21,-9.974247412982114
Iraq,2012,Soybeans,1979.27,22.52,216.0,4864.32,8504.0,8845.6,8334,9459.53,-13.505279577633797
Iraq,2013,Soybeans,2162.6,23.455,216.0,5066.28,8334.0,8675.0,8163,9392.64,-15.0635795663359
Iraq,2009,Wheat,1429.27,22.065,216.0,4766.04,13678.0,12425.6,18756,13828.35,26.272392834293022
Iraq,2010,Wheat,1612.61,23.729999999999997,216.0,5125.679999999999,18756.0,13797.2,19872,16329.9,17.82457729468599
Iraq,2011,Wheat,1795.94,21.61,216.0,4667.76,19872.0,16024.0,19552,18356.76,6.11313420621932
Iraq,2012,Wheat,1979.27,22.52,216.0,4864.32,19552.0,17177.8,24181,16326.69,32.4813283156197
Iraq,2013,Wheat,2162.6,23.455,216.0,5066.28,24181.0,19207.8,23068,23557.15,-2.1204699150338193
Ireland,2009,Potatoes,2268.1,9.47,1118.0,10587.460000000001,307946.0,348779.4,275492,317377.15,-15.2037627226925
Ireland,2010,Potatoes,2529.2,8.38,1118.0,9368.84,275492.0,320840.2,343934,305237.24,11.251216803223878
Ireland,2011,Potatoes,3664.3,9.76,1118.0,10911.68,343934.0,320271.0,342404,345588.48,-0.9300358640670031
Ireland,2012,Potatoes,2925.1,9.28,1118.0,10375.039999999999,342404.0,322160.4,257778,335284.24,-30.06704994219832
Ireland,2013,Potatoes,2950.8,9.28,1118.0,10375.039999999999,257778.0,305510.8,383271,265126.64,30.825280284707162
Ireland,2009,Wheat,2268.1,9.47,1118.0,10587.460000000001,89684.0,89882.2,81669,89974.52,-10.169733925969467
Ireland,2010,Wheat,2529.2,8.38,1118.0,9368.84,81669.0,86367.8,86015,86892.66,-1.0203569144916624
Ireland,2011,Wheat,3664.3,9.76,1118.0,10911.68,86015.0,86707.4,98641,90349.82,8.405409515313098
Ireland,2012,Wheat,2925.1,9.28,1118.0,10375.039999999999,98641.0,88127.0,72235,89310.65,-23.639025403197888
Ireland,2013,Wheat,2950.8,9.28,1118.0,10375.039999999999,72235.0,85648.8,89983,87235.42,3.0534434282031073
Italy,2009,Maize,74172.0,10.695,832.0,8898.24,95726.0,92956.8,86048,93359.51,-8.497013294905162
Italy,2010,Maize,71613.0,9.84,832.0,8186.88,86048.0,91171.4,91672,93791.58,-2.31213456671612
Italy,2011,Maize,70690.0,11.07,832.0,9210.24,91672.0,90770.2,98033,92765.22,5.3734762783960495
Italy,2012,Maize,61889.0,10.75,832.0,8944.0,98033.0,92919.8,80325,96255.93,-19.833090569561147
Italy,2013,Maize,55633.0,10.82,832.0,9002.24,80325.0,90360.8,86989,94334.89,-8.444619434641162
Italy,2009,Potatoes,74172.0,10.695,832.0,8898.24,227242.0,246384.0,248352,244798.88,1.4306790362066726
Italy,2010,Potatoes,71613.0,9.84,832.0,8186.88,248352.0,245757.4,249684,248484.65,0.4803471588087365
Italy,2011,Potatoes,70690.0,11.07,832.0,9210.24,249684.0,245530.4,249158,249956.19,-0.3203549554900916
Italy,2012,Potatoes,61889.0,10.75,832.0,8944.0,249158.0,246148.0,254511,248504.82,2.3598901422728265
Italy,2013,Potatoes,55633.0,10.82,832.0,9002.24,254511.0,245789.4,252483,252005.4,0.18916125046042934
Italy,2009,"Rice, paddy",74172.0,10.695,832.0,8898.24,61949.0,64070.4,67941,69931.27,-2.9294093404571675
Italy,2010,"Rice, paddy",71613.0,9.84,832.0,8186.88,67941.0,64395.2,61219,66639.28,-8.853917901305149
Italy,2011,"Rice, paddy",70690.0,11.07,832.0,9210.24,61219.0,64024.2,60452,69893.68,-15.618474161318058
Italy,2012,"Rice, paddy",61889.0,10.75,832.0,8944.0,60452.0,63560.2,68133,69716.55,-2.3242041301571965
Italy,2013,"Rice, paddy",55633.0,10.82,832.0,9002.24,68133.0,63938.8,66342,66329.57,0.018736245515650743
Italy,2009,Sorghum,74172.0,10.695,832.0,8898.24,57960.0,58684.0,61003,57671.64,5.460977328983821
Italy,2010,Sorghum,71613.0,9.84,832.0,8186.88,61003.0,58315.2,66683,65545.37,1.706027023379279
Italy,2011,Sorghum,70690.0,11.07,832.0,9210.24,66683.0,59940.2,70972,56492.12,20.40224313813898
Italy,2012,Sorghum,61889.0,10.75,832.0,8944.0,70972.0,62675.4,41979,56690.05,-35.04383143952929
Italy,2013,Sorghum,55633.0,10.82,832.0,9002.24,41979.0,59719.4,62061,51015.31,17.798117980696414
Italy,2009,Soybeans,74172.0,10.695,832.0,8898.24,32121.0,33042.2,34759,33260.49,4.3111424379297505
Italy,2010,Soybeans,71613.0,9.84,832.0,8186.88,34759.0,33102.4,34639,35564.1,-2.670689107653219
Italy,2011,Soybeans,70690.0,11.07,832.0,9210.24,34639.0,32769.6,34024,35912.25,-5.54975899365154
Italy,2012,Soybeans,61889.0,10.75,832.0,8944.0,34024.0,33377.0,27591,36374.09,-31.833170236671364
Italy,2013,Soybeans,55633.0,10.82,832.0,9002.24,27591.0,32626.8,33906,30675.97,9.526426001297702
Italy,2009,Sweet potatoes,74172.0,10.695,832.0,8898.24,200936.0,166482.0,177016,209113.47,-18.13252474352601
Italy,2010,Sweet potatoes,71613.0,9.84,832.0,8186.88,177016.0,169905.2,189956,177387.99,6.616274295099924
Italy,2011,Sweet potatoes,70690.0,11.07,832.0,9210.24,189956.0,179593.2,207114,198113.8,4.345529515146254
Italy,2012,Sweet potatoes,61889.0,10.75,832.0,8944.0,207114.0,192125.4,195236,205047.46,-5.025435882726542
Italy,2013,Sweet potatoes,55633.0,10.82,832.0,9002.24,195236.0,194051.6,227753,201864.12,11.367086273287292
Italy,2009,Wheat,74172.0,10.695,832.0,8898.24,38689.0,36634.2,35859,37097.82,-3.454697565464736
Italy,2010,Wheat,71613.0,9.84,832.0,8186.88,35859.0,36466.4,37421,36333.64,2.905748109350366
Italy,2011,Wheat,70690.0,11.07,832.0,9210.24,37421.0,36680.2,38335,36666.2,4.353202034694151
Italy,2012,Wheat,61889.0,10.75,832.0,8944.0,38335.0,36888.2,41293,38247.99,7.37415542585911
Italy,2013,Wheat,55633.0,10.82,832.0,9002.24,41293.0,38319.4,38441,42992.5,-11.840222678910537
Jamaica,2009,Cassava,909.71,27.42,2051.0,56238.420000000006,185993.0,183872.6,186352,184220.37,1.1438728857216476
Jamaica,2010,Cassava,909.71,27.09,2051.0,55561.59,186352.0,184312.2,185271,185172.71,0.05305201569593091
Jamaica,2011,Cassava,909.71,27.17,2051.0,55725.670000000006,185271.0,186102.4,188896,182701.2,3.2794765373538812
Jamaica,2012,Cassava,909.71,27.51,2051.0,56423.01,188896.0,186639.0,188866,185806.49,1.619936886469777
Jamaica,2013,Cassava,909.71,27.41,2051.0,56217.91,188866.0,187075.6,187795,185013.44,1.4811682952155265
Jamaica,2009,Maize,909.71,27.42,2051.0,56238.420000000006,12538.0,12232.2,12615,12752.51,-1.090051525961159
Jamaica,2010,Maize,909.71,27.09,2051.0,55561.59,12615.0,12386.8,11710,12908.94,-10.238599487617424
Jamaica,2011,Maize,909.71,27.17,2051.0,55725.670000000006,11710.0,12219.4,12747,12888.29,-1.108417666902023
Jamaica,2012,Maize,909.71,27.51,2051.0,56423.01,12747.0,12312.0,11891,13097.02,-10.14229249011858
Jamaica,2013,Maize,909.71,27.41,2051.0,56217.91,11891.0,12300.2,11883,12423.08,-4.544980223849196
Jamaica,2009,Plantains and others,909.71,27.42,2051.0,56238.420000000006,171829.0,172984.8,185819,171730.83,7.581662800897655
Jamaica,2010,Plantains and others,909.71,27.09,2051.0,55561.59,185819.0,175730.0,188295,184730.7,1.8929339600095532
Jamaica,2011,Plantains and others,909.71,27.17,2051.0,55725.670000000006,188295.0,178954.4,204013,184924.38,9.356570414630438
Jamaica,2012,Plantains and others,909.71,27.51,2051.0,56423.01,204013.0,184758.0,180025,195587.96,-8.644888209970834
Jamaica,2013,Plantains and others,909.71,27.41,2051.0,56217.91,180025.0,185996.2,184149,183238.27,0.49456146924501926
Jamaica,2009,Potatoes,909.71,27.42,2051.0,56238.420000000006,164849.0,161726.4,169416,163121.49,3.715416489587766
Jamaica,2010,Potatoes,909.71,27.09,2051.0,55561.59,169416.0,164340.4,142411,166685.73,-17.0455442346448
Jamaica,2011,Potatoes,909.71,27.17,2051.0,55725.670000000006,142411.0,161594.4,190236,159946.6,15.922012657961687
Jamaica,2012,Potatoes,909.71,27.51,2051.0,56423.01,190236.0,166248.4,165440,187863.09,-13.553608558994195
Jamaica,2013,Potatoes,909.71,27.41,2051.0,56217.91,165440.0,166470.4,165914,166770.82,-0.5164241715587636
Jamaica,2009,"Rice, paddy",909.71,27.42,2051.0,56238.420000000006,33333.0,25432.8,40541,31169.88,23.115167361436566
Jamaica,2010,"Rice, paddy",909.71,27.09,2051.0,55561.59,40541.0,30683.8,47397,43646.03,7.91393970082495
Jamaica,2011,"Rice, paddy",909.71,27.17,2051.0,55725.670000000006,47397.0,34163.2,53341,60410.14,-13.252732419714667
Jamaica,2012,"Rice, paddy",909.71,27.51,2051.0,56423.01,53341.0,40831.4,49023,51090.96,-4.218346490422861
Jamaica,2013,"Rice, paddy",909.71,27.41,2051.0,56217.91,49023.0,44727.0,42000,56199.5,-33.80833333333334
Jamaica,2009,Sweet potatoes,909.71,27.42,2051.0,56238.420000000006,168278.0,165026.0,170803,165634.81,3.0258192186319923
Jamaica,2010,Sweet potatoes,909.71,27.09,2051.0,55561.59,170803.0,166994.8,162639,169667.99,-4.321835476115809
Jamaica,2011,Sweet potatoes,909.71,27.17,2051.0,55725.670000000006,162639.0,166640.6,182528,166588.58,8.73258897265078
Jamaica,2012,Sweet potatoes,909.71,27.51,2051.0,56423.01,182528.0,169914.4,170818,181545.98,-6.28035687105575
Jamaica,2013,Sweet potatoes,909.71,27.41,2051.0,56217.91,170818.0,171013.2,172683,170286.62,1.3877335927682544
Jamaica,2009,Yams,909.71,27.42,2051.0,56238.420000000006,153372.0,157041.4,167203,160222.94,4.1746021303445495
Jamaica,2010,Yams,909.71,27.09,2051.0,55561.59,167203.0,158678.4,168102,165092.74,1.7901393201746614
Jamaica,2011,Yams,909.71,27.17,2051.0,55725.670000000006,168102.0,162113.2,161745,163499.19,-1.0845404803857939
Jamaica,2012,Yams,909.71,27.51,2051.0,56423.01,161745.0,161355.8,171042,159852.68,6.5418552168473285
Jamaica,2013,Yams,909.71,27.41,2051.0,56217.91,171042.0,164292.8,165476,170711.22,-3.1637337136503185
Japan,2009,Maize,60970.8,15.055,1668.0,25111.739999999998,25456.0,25287.0,25385,25838.94,-1.7882213905849862
Japan,2010,Maize,55576.0,15.24,1668.0,25420.32,25385.0,25364.0,25642,25807.57,-0.6456984634583874
Japan,2011,Maize,51796.3,14.796666666666667,1668.0,24680.84,25642.0,25440.4,25797,26070.48,-1.06012327014769
Japan,2012,Maize,54716.4,14.606666666666667,1668.0,24363.920000000002,25797.0,25535.0,26154,26401.67,-0.9469679590119991
Japan,2013,Maize,52794.3,15.446666666666667,1668.0,25765.04,26154.0,25686.8,27273,27912.93,-2.3463865361346397
Japan,2009,Potatoes,60970.8,15.055,1668.0,25111.739999999998,323086.0,322886.8,295909,320224.34,-8.21716811587347
Japan,2010,Potatoes,55576.0,15.24,1668.0,25420.32,295909.0,315921.8,277576,310270.48,-11.778568752341695
Japan,2011,Potatoes,51796.3,14.796666666666667,1668.0,24680.84,277576.0,308168.8,294691,288685.26,2.037978764197071
Japan,2012,Potatoes,54716.4,14.606666666666667,1668.0,24363.920000000002,294691.0,306252.4,307882,311465.24,-1.1638354954170724
Japan,2013,Potatoes,52794.3,15.446666666666667,1668.0,25765.04,307882.0,299828.8,302133,316539.61,-4.768300715247916
Japan,2009,"Rice, paddy",60970.8,15.055,1668.0,25111.739999999998,67786.0,65377.8,65222,67790.04,-3.937383091594851
Japan,2010,"Rice, paddy",55576.0,15.24,1668.0,25420.32,65222.0,65592.2,65135,66702.64,-2.40675520073693
Japan,2011,"Rice, paddy",51796.3,14.796666666666667,1668.0,24680.84,65135.0,65322.6,66624,66875.44,-0.37740153698367307
Japan,2012,"Rice, paddy",54716.4,14.606666666666667,1668.0,24363.920000000002,66624.0,65975.6,67388,65955.4,2.125897785955965
Japan,2013,"Rice, paddy",52794.3,15.446666666666667,1668.0,25765.04,67388.0,66431.0,67280,66607.01,1.0002824019025047
Japan,2009,Soybeans,60970.8,15.055,1668.0,25111.739999999998,17791.0,15806.6,15812,17360.55,-9.793511257272952
Japan,2010,Soybeans,55576.0,15.24,1668.0,25420.32,15812.0,16583.0,16158,16708.06,-3.4042579527169283
Japan,2011,Soybeans,51796.3,14.796666666666667,1668.0,24680.84,16158.0,16456.4,16006,16889.71,-5.521117081094584
Japan,2012,Soybeans,54716.4,14.606666666666667,1668.0,24363.920000000002,16006.0,16431.8,17994,16694.74,7.220517950427912
Japan,2013,Soybeans,52794.3,15.446666666666667,1668.0,25765.04,17994.0,16752.2,15520,16682.29,-7.488981958762893
Japan,2009,Sweet potatoes,60970.8,15.055,1668.0,25111.739999999998,248403.0,247435.2,253333,247199.6,2.4210821330028045
Japan,2010,Sweet potatoes,55576.0,15.24,1668.0,25420.32,253333.0,248027.4,217531,247462.02,-13.759427391957924
Japan,2011,Sweet potatoes,51796.3,14.796666666666667,1668.0,24680.84,217531.0,239916.0,227738,218755.2,3.944357112120063
Japan,2012,Sweet potatoes,54716.4,14.606666666666667,1668.0,24363.920000000002,227738.0,236988.2,225747,241992.29,-7.196237380784687
Japan,2013,Sweet potatoes,52794.3,15.446666666666667,1668.0,25765.04,225747.0,234550.4,244119,239670.48,1.8222752018482744
Japan,2009,Wheat,60970.8,15.055,1668.0,25111.739999999998,42203.0,41078.0,32367,44752.73,-38.266536904872254
Japan,2010,Wheat,55576.0,15.24,1668.0,25420.32,32367.0,39458.2,27612,35871.96,-29.914385049978264
Japan,2011,Wheat,51796.3,14.796666666666667,1668.0,24680.84,27612.0,36786.6,35286,28317.91,19.747463583290823
Japan,2012,Wheat,54716.4,14.606666666666667,1668.0,24363.920000000002,35286.0,36173.6,41004,37505.07,8.533143107989465
Japan,2013,Wheat,52794.3,15.446666666666667,1668.0,25765.04,41004.0,35694.4,38616,43327.25,-12.200253780816242
Japan,2009,Yams,60970.8,15.055,1668.0,25111.739999999998,225093.0,228649.6,211519,232927.97,-10.121535181236673
Japan,2010,Yams,55576.0,15.24,1668.0,25420.32,211519.0,225143.2,226963,209513.42,7.688292805435242
Japan,2011,Yams,51796.3,14.796666666666667,1668.0,24680.84,226963.0,223884.4,220905,227282.04,-2.886779384803426
Japan,2012,Yams,54716.4,14.606666666666667,1668.0,24363.920000000002,220905.0,223053.6,222059,220950.26,0.499299735655835
Japan,2013,Yams,52794.3,15.446666666666667,1668.0,25765.04,222059.0,221307.8,217415,227986.62,-4.8624151967435525
Kazakhstan,2009,Maize,8716.14,4.8999999999999995,250.0,1224.9999999999998,44042.0,44423.2,47500,48768.01,-2.6694947368421094
Kazakhstan,2010,Maize,6283.85,4.955,250.0,1238.75,47500.0,45008.2,48331,51095.74,-5.720427882725368
Kazakhstan,2011,Maize,10656.6,4.605,250.0,1151.25,48331.0,46365.2,49864,54645.3,-9.588681212899091
Kazakhstan,2012,Maize,8674.58,4.285,250.0,1071.25,49864.0,47074.6,51877,57296.49,-10.446806870096571
Kazakhstan,2013,Maize,8738.38,7.1000000000000005,250.0,1775.0000000000002,51877.0,48322.8,52779,60924.96,-15.434093105212298
Kazakhstan,2009,Potatoes,8716.14,4.8999999999999995,250.0,1224.9999999999998,144356.0,147723.8,162092,137161.69,15.380345729585665
Kazakhstan,2010,Potatoes,6283.85,4.955,250.0,1238.75,162092.0,153245.2,143194,162524.44,-13.499476235037783
Kazakhstan,2011,Potatoes,10656.6,4.605,250.0,1151.25,143194.0,151857.0,167176,141149.13,15.568544527922665
Kazakhstan,2012,Potatoes,8674.58,4.285,250.0,1071.25,167176.0,154522.0,165927,165129.31,0.4807475576609005
Kazakhstan,2013,Potatoes,8738.38,7.1000000000000005,250.0,1775.0000000000002,165927.0,156549.0,181522,167690.2,7.619902821696538
Kazakhstan,2009,"Rice, paddy",8716.14,4.8999999999999995,250.0,1224.9999999999998,33736.0,33616.0,35323,33320.91,5.667950060866848
Kazakhstan,2010,"Rice, paddy",6283.85,4.955,250.0,1238.75,35323.0,33844.2,39697,34919.97,12.033730508602662
Kazakhstan,2011,"Rice, paddy",10656.6,4.605,250.0,1151.25,39697.0,35080.0,37152,35105.6,5.508182601205861
Kazakhstan,2012,"Rice, paddy",8674.58,4.285,250.0,1071.25,37152.0,35917.2,37712,36953.31,2.0117999575731926
Kazakhstan,2013,"Rice, paddy",8738.38,7.1000000000000005,250.0,1775.0000000000002,37712.0,36724.0,38500,37085.42,3.6742337662337707
Kazakhstan,2009,Sorghum,8716.14,4.8999999999999995,250.0,1224.9999999999998,3871.0,14059.8,5000,9208.12,-84.16240000000002
Kazakhstan,2010,Sorghum,6283.85,4.955,250.0,1238.75,5000.0,11559.8,4500,13940.93,-209.79844444444447
Kazakhstan,2011,Sorghum,10656.6,4.605,250.0,1151.25,4500.0,8459.8,13000,8472.14,34.82969230769231
Kazakhstan,2012,Sorghum,8674.58,4.285,250.0,1071.25,13000.0,6234.2,2750,11113.13,-304.11381818181815
Kazakhstan,2013,Sorghum,8738.38,7.1000000000000005,250.0,1775.0000000000002,2750.0,5824.2,2258,7975.79,-253.22364924712133
Kazakhstan,2009,Soybeans,8716.14,4.8999999999999995,250.0,1224.9999999999998,17326.0,16386.2,18002,18971.95,-5.3880124430618865
Kazakhstan,2010,Soybeans,6283.85,4.955,250.0,1238.75,18002.0,17060.6,18489,19615.46,-6.092595597382223
Kazakhstan,2011,Soybeans,10656.6,4.605,250.0,1151.25,18489.0,17470.8,19001,20655.86,-8.709331087837485
Kazakhstan,2012,Soybeans,8674.58,4.285,250.0,1071.25,19001.0,17955.4,20128,20167.71,-0.19728736089029775
Kazakhstan,2013,Soybeans,8738.38,7.1000000000000005,250.0,1775.0000000000002,20128.0,18589.2,19727,21726.39,-10.135296801338264
Kazakhstan,2009,Wheat,8716.14,4.8999999999999995,250.0,1224.9999999999998,9715.0,10391.6,11941,14236.44,-19.223180638137514
Kazakhstan,2010,Wheat,6283.85,4.955,250.0,1238.75,11941.0,11093.4,7336,12242.64,-66.8844056706652
Kazakhstan,2011,Wheat,10656.6,4.605,250.0,1151.25,7336.0,10664.6,16609,17655.89,-6.30314889517731
Kazakhstan,2012,Wheat,8674.58,4.285,250.0,1071.25,16609.0,11716.8,7929,16672.87,-110.277084121579
Kazakhstan,2013,Wheat,8738.38,7.1000000000000005,250.0,1775.0000000000002,7929.0,10706.0,10762,9359.74,13.029734250139382
Kenya,2009,Cassava,1578.0,17.3,630.0,10899.0,137358.0,101881.6,116431,135661.4,-16.51656345818553
Kenya,2010,Cassava,1578.0,16.82,630.0,10596.6,116431.0,102967.8,52521,109167.03,-107.85405837664935
Kenya,2011,Cassava,1578.0,16.9,630.0,10647.0,52521.0,95270.2,112309,68550.63,38.96247851908573
Kenya,2012,Cassava,1578.0,16.84,630.0,10609.2,112309.0,98560.8,127273,96792.63,23.948810823976803
Kenya,2013,Cassava,1578.0,16.91,630.0,10653.3,127273.0,109178.4,142470,131082.53,7.992889731171475
Kenya,2009,Maize,1578.0,17.3,630.0,10899.0,13925.0,16990.4,12943,17063.97,-31.83937263385615
Kenya,2010,Maize,1578.0,16.82,630.0,10596.6,12943.0,15720.4,17251,15153.87,12.156570633586455
Kenya,2011,Maize,1578.0,16.9,630.0,10647.0,17251.0,15889.6,15840,17020.07,-7.4499368686868666
Kenya,2012,Maize,1578.0,16.84,630.0,10609.2,15840.0,15618.2,17366,18088.0,-4.157549234135667
Kenya,2013,Maize,1578.0,16.91,630.0,10653.3,17366.0,15465.0,16922,16511.33,2.4268407989599234
Kenya,2009,Plantains and others,1578.0,17.3,630.0,10899.0,124000.0,123433.8,123077,124192.45,-0.9063025585608986
Kenya,2010,Plantains and others,1578.0,16.82,630.0,10596.6,123077.0,123287.2,125000,124266.01,0.5871920000000042
Kenya,2011,Plantains and others,1578.0,16.9,630.0,10647.0,125000.0,123525.2,124000,124368.22,-0.29695161290322675
Kenya,2012,Plantains and others,1578.0,16.84,630.0,10609.2,124000.0,123977.4,120000,124045.82,-3.3715166666666727
Kenya,2013,Plantains and others,1578.0,16.91,630.0,10653.3,120000.0,123215.4,119231,121583.56,-1.9731110197851212
Kenya,2009,Potatoes,1578.0,17.3,630.0,10899.0,214815.0,179843.2,191199,211371.8,-10.550682796458135
Kenya,2010,Potatoes,1578.0,16.82,630.0,10596.6,191199.0,201202.8,224279,210990.03,5.925195849812065
Kenya,2011,Potatoes,1578.0,16.9,630.0,10647.0,224279.0,206058.6,191690,236576.98,-23.41644321560854
Kenya,2012,Potatoes,1578.0,16.84,630.0,10609.2,191690.0,204396.6,203389,214414.87,-5.4210748860557825
Kenya,2013,Potatoes,1578.0,16.91,630.0,10653.3,203389.0,205074.4,144262,209488.57,-45.2139648694736
Kenya,2009,"Rice, paddy",1578.0,17.3,630.0,10899.0,13076.0,29290.8,19333,17193.01,11.069104639735176
Kenya,2010,"Rice, paddy",1578.0,16.82,630.0,10596.6,19333.0,25701.4,42384,23314.89,44.99129388448471
Kenya,2011,"Rice, paddy",1578.0,16.9,630.0,10647.0,42384.0,26314.0,39676,40788.45,-2.8038360721846884
Kenya,2012,"Rice, paddy",1578.0,16.84,630.0,10609.2,39676.0,28636.8,46643,35211.64,24.508200587440776
Kenya,2013,"Rice, paddy",1578.0,16.91,630.0,10653.3,46643.0,32222.4,39955,44838.26,-12.221899637091733
Kenya,2009,Sorghum,1578.0,17.3,630.0,10899.0,5221.0,8115.0,5717,7651.76,-33.842224943152004
Kenya,2010,Sorghum,1578.0,16.82,630.0,10596.6,5717.0,8129.6,7267,8607.44,-18.445575891014183
Kenya,2011,Sorghum,1578.0,16.9,630.0,10647.0,7267.0,7137.0,6291,7999.52,-27.1581624542998
Kenya,2012,Sorghum,1578.0,16.84,630.0,10609.2,6291.0,6794.0,7445,6336.83,14.884754869039623
Kenya,2013,Sorghum,1578.0,16.91,630.0,10653.3,7445.0,6388.2,7550,7392.64,2.084238410596022
Kenya,2009,Soybeans,1578.0,17.3,630.0,10899.0,8160.0,8404.6,7153,8520.02,-19.111142178107094
Kenya,2010,Soybeans,1578.0,16.82,630.0,10596.6,7153.0,8113.8,9500,8554.62,9.951368421052623
Kenya,2011,Soybeans,1578.0,16.9,630.0,10647.0,9500.0,8295.6,12578,7237.97,42.45531881062172
Kenya,2012,Soybeans,1578.0,16.84,630.0,10609.2,12578.0,9158.2,14997,10913.8,27.226778689071153
Kenya,2013,Soybeans,1578.0,16.91,630.0,10653.3,14997.0,10477.6,12231,15168.41,-24.01610661434061
Kenya,2009,Sweet potatoes,1578.0,17.3,630.0,10899.0,142515.0,115141.0,132895,148074.89,-11.422468866398294
Kenya,2010,Sweet potatoes,1578.0,16.82,630.0,10596.6,132895.0,122896.8,99739,140721.12,-41.089363238051305
Kenya,2011,Sweet potatoes,1578.0,16.9,630.0,10647.0,99739.0,120929.2,122689,112396.01,8.389497020922827
Kenya,2012,Sweet potatoes,1578.0,16.84,630.0,10609.2,122689.0,126126.8,128346,127770.38,0.4484907983108124
Kenya,2013,Sweet potatoes,1578.0,16.91,630.0,10653.3,128346.0,125236.8,124706,133939.64,-7.404326977050032
Kenya,2009,Wheat,1578.0,17.3,630.0,10899.0,25845.0,25323.6,16665,26041.26,-56.26318631863185
Kenya,2010,Wheat,1578.0,16.82,630.0,10596.6,16665.0,23691.2,31991,21067.48,34.14560345097058
Kenya,2011,Wheat,1578.0,16.9,630.0,10647.0,31991.0,25463.2,20415,28882.73,-41.47798187607151
Kenya,2012,Wheat,1578.0,16.84,630.0,10609.2,20415.0,25171.2,29720,25594.59,13.880921938088827
Kenya,2013,Wheat,1578.0,16.91,630.0,10653.3,29720.0,24927.2,27602,27309.82,1.0585464821389765
Kenya,2009,Yams,1578.0,17.3,630.0,10899.0,75874.0,83151.0,45170,93789.96,-107.63772415319903
Kenya,2010,Yams,1578.0,16.82,630.0,10596.6,45170.0,75480.0,65645,60623.91,7.648853682687176
Kenya,2011,Yams,1578.0,16.9,630.0,10647.0,65645.0,71272.4,91154,73946.89,18.876966452377296
Kenya,2012,Yams,1578.0,16.84,630.0,10609.2,91154.0,70498.4,116053,82123.44,29.23626274202304
Kenya,2013,Yams,1578.0,16.91,630.0,10653.3,116053.0,78779.2,135962,107604.15,20.857188037834103
Latvia,2009,Potatoes,881.2,6.51,641.0,4172.91,178148.0,146815.6,175133,171896.62,1.8479555537791306
Latvia,2010,Potatoes,1027.5,5.67,641.0,3634.47,175133.0,156140.8,160797,168849.37,-5.007786214916942
Latvia,2011,Potatoes,1070.5,7.25,641.0,4647.25,160797.0,159111.8,168013,169989.54,-1.1764208721944183
Latvia,2012,Potatoes,1396.96,5.96,641.0,3820.36,168013.0,168284.2,191099,161345.25,15.56980936582609
Latvia,2013,Potatoes,1250.0,7.25,641.0,4647.25,191099.0,174638.0,181648,199096.61,-9.60572645996652
Latvia,2009,Wheat,881.2,6.51,641.0,4172.91,38566.0,33569.4,36276,38139.34,-5.136564119528053
Latvia,2010,Wheat,1027.5,5.67,641.0,3634.47,36276.0,34940.0,32849,36163.15,-10.089043806508574
Latvia,2011,Wheat,1070.5,7.25,641.0,4647.25,32849.0,34290.0,30613,36099.14,-17.92094861660079
Latvia,2012,Wheat,1396.96,5.96,641.0,3820.36,30613.0,34849.6,43695,33136.13,24.164938780180805
Latvia,2013,Wheat,1250.0,7.25,641.0,4647.25,43695.0,36399.8,38857,41981.36,-8.040661914198216
Lebanon,2009,Maize,1816.0,20.19,661.0,13345.59,37778.0,39904.8,36210,42221.34,-16.601325600662793
Lebanon,2010,Maize,1816.0,21.26,661.0,14052.86,36210.0,35146.8,37199,43265.57,-16.308422269415843
Lebanon,2011,Maize,1816.0,19.67,661.0,13001.87,37199.0,35031.0,36468,42662.36,-16.985740923549415
Lebanon,2012,Maize,1816.0,20.19,661.0,13345.59,36468.0,36419.8,36025,43499.93,-20.749285218598196
Lebanon,2013,Maize,1816.0,20.08,661.0,13272.88,36025.0,36736.0,35621,41959.02,-17.792931136127557
Lebanon,2009,Potatoes,1816.0,20.19,661.0,13345.59,256020.0,245427.6,224868,251297.76,-11.753455360478151
Lebanon,2010,Potatoes,1816.0,21.26,661.0,14052.86,224868.0,239300.4,238514,244001.64,-2.3007622194085102
Lebanon,2011,Potatoes,1816.0,19.67,661.0,13001.87,238514.0,235084.4,239130,243065.01,-1.64555262827751
Lebanon,2012,Potatoes,1816.0,20.19,661.0,13345.59,239130.0,242910.4,233333,250266.75,-7.25733179618828
Lebanon,2013,Potatoes,1816.0,20.08,661.0,13272.88,233333.0,238373.0,260759,246162.22,5.597804869630578
Lebanon,2009,Sorghum,1816.0,20.19,661.0,13345.59,18649.0,18129.0,20000,19624.68,1.8765999999999985
Lebanon,2010,Sorghum,1816.0,21.26,661.0,14052.86,20000.0,18723.0,19298,20340.35,-5.401336926106325
Lebanon,2011,Sorghum,1816.0,19.67,661.0,13001.87,19298.0,18928.8,19565,21565.96,-10.227242524916939
Lebanon,2012,Sorghum,1816.0,20.19,661.0,13345.59,19565.0,19258.4,19167,20801.51,-8.527729952522556
Lebanon,2013,Sorghum,1816.0,20.08,661.0,13272.88,19167.0,19335.8,20000,20001.84,-0.009200000000000728
Lebanon,2009,Wheat,1816.0,20.19,661.0,13345.59,28798.0,27635.6,27990,28949.87,-3.429331904251515
Lebanon,2010,Wheat,1816.0,21.26,661.0,14052.86,27990.0,27364.8,27815,29278.54,-5.261693330936549
Lebanon,2011,Wheat,1816.0,19.67,661.0,13001.87,27815.0,27121.8,29667,28904.97,2.5686115886338317
Lebanon,2012,Wheat,1816.0,20.19,661.0,13345.59,29667.0,27255.6,31012,31124.92,-0.36411711595510854
Lebanon,2013,Wheat,1816.0,20.08,661.0,13272.88,31012.0,29056.4,32122,35445.26,-10.345744349666901
Lesotho,2009,Maize,77.7,14.62,788.0,11520.56,4349.0,5711.6,4159,4261.5,-2.464534743928829
Lesotho,2010,Maize,80.07,15.23,788.0,12001.24,4159.0,5274.0,9071,3922.93,56.753059199647225
Lesotho,2011,Maize,175.27,14.32,788.0,11284.16,9071.0,5686.0,6344,7792.65,-22.834962168978556
Lesotho,2012,Maize,271.84,14.62,788.0,11520.56,6344.0,5760.0,6712,6179.98,7.926400476758051
Lesotho,2013,Maize,62.32,14.03,788.0,11055.64,6712.0,6127.0,8227,9953.79,-20.98930351282364
Lesotho,2009,Potatoes,77.7,14.62,788.0,11520.56,166379.0,164982.0,159649,165137.17,-3.437647589399253
Lesotho,2010,Potatoes,80.07,15.23,788.0,12001.24,159649.0,164181.0,165000,164823.06,0.10723636363636506
Lesotho,2011,Potatoes,175.27,14.32,788.0,11284.16,165000.0,164363.8,164706,165879.64,-0.7125666338809843
Lesotho,2012,Potatoes,271.84,14.62,788.0,11520.56,164706.0,164361.0,164286,166366.35,-1.266297797742964
Lesotho,2013,Potatoes,62.32,14.03,788.0,11055.64,164286.0,164004.0,173611,164687.04,5.140204249730715
Lesotho,2009,Sorghum,77.7,14.62,788.0,11520.56,2866.0,3753.0,5773,4016.27,30.430105664299322
Lesotho,2010,Sorghum,80.07,15.23,788.0,12001.24,5773.0,4121.0,7189,6204.76,13.690916678258446
Lesotho,2011,Sorghum,175.27,14.32,788.0,11284.16,7189.0,4310.8,5092,6548.73,-28.608208955223873
Lesotho,2012,Sorghum,271.84,14.62,788.0,11520.56,5092.0,4671.2,1343,4598.96,-242.4393149664929
Lesotho,2013,Sorghum,62.32,14.03,788.0,11055.64,1343.0,4452.6,3051,2823.75,7.448377581120943
Lesotho,2009,Wheat,77.7,14.62,788.0,11520.56,2415.0,4610.2,3473,4478.77,-28.95968902965737
Lesotho,2010,Wheat,80.07,15.23,788.0,12001.24,3473.0,4024.6,14693,4315.71,70.62744163887567
Lesotho,2011,Wheat,175.27,14.32,788.0,11284.16,14693.0,5516.4,9965,12826.2,-28.712493728048177
Lesotho,2012,Wheat,271.84,14.62,788.0,11520.56,9965.0,6972.4,8641,10590.5,-22.561046175211203
Lesotho,2013,Wheat,62.32,14.03,788.0,11055.64,8641.0,7837.4,12345,8188.83,33.66682867557716
Libya,2009,Maize,6046.0,20.235,56.0,1133.1599999999999,22129.0,22924.2,24790,23460.1,5.364663170633325
Libya,2010,Maize,3548.0,20.840000000000003,56.0,1167.0400000000002,24790.0,23082.2,19333,24851.63,-28.545130088449806
Libya,2011,Maize,3548.0,19.865000000000002,56.0,1112.44,19333.0,22148.8,21419,21654.36,-1.0988374807414005
Libya,2012,Maize,3548.0,20.41,56.0,1142.96,21419.0,21983.4,21613,21900.06,-1.3281821126174123
Libya,2013,Maize,3548.0,20.355,56.0,1139.88,21613.0,21856.8,20000,22202.01,-11.010049999999993
Libya,2009,Potatoes,6046.0,20.235,56.0,1133.1599999999999,193333.0,186947.0,194380,194586.36,-0.10616318551290567
Libya,2010,Potatoes,3548.0,20.840000000000003,56.0,1167.0400000000002,194380.0,186823.0,193849,193883.49,-0.017792199082786442
Libya,2011,Potatoes,3548.0,19.865000000000002,56.0,1112.44,193849.0,194067.0,189247,184837.82,2.3298546344195645
Libya,2012,Potatoes,3548.0,20.41,56.0,1142.96,189247.0,192828.4,189474,195357.01,-3.1049167695831668
Libya,2013,Potatoes,3548.0,20.355,56.0,1139.88,189474.0,192056.6,196667,195643.35,0.5204991177981024
Libya,2009,Wheat,6046.0,20.235,56.0,1133.1599999999999,7879.0,7810.8,7895,7885.76,0.117036098796704
Libya,2010,Wheat,3548.0,20.840000000000003,56.0,1167.0400000000002,7895.0,7821.6,7717,7905.89,-2.4477128417778973
Libya,2011,Wheat,3548.0,19.865000000000002,56.0,1112.44,7717.0,7849.8,7784,8068.94,-3.660585817060632
Libya,2012,Wheat,3548.0,20.41,56.0,1142.96,7784.0,7830.8,7958,7892.93,0.8176677557175133
Libya,2013,Wheat,3548.0,20.355,56.0,1139.88,7958.0,7846.6,7955,7933.08,0.2755499685732253
Lithuania,2009,Maize,2748.8,6.7,656.0,4395.2,42105.0,33161.4,43273,42287.74,2.276846994661803
Lithuania,2010,Maize,1803.77,6.14,656.0,4027.8399999999997,43273.0,37530.2,66901,43386.0,35.1489514357035
Lithuania,2011,Maize,2062.34,7.32,656.0,4801.92,66901.0,44785.4,74896,65099.53,13.0800977355266
Lithuania,2012,Maize,2559.9,6.31,656.0,4139.36,74896.0,55064.6,61085,73775.02,-20.774363591716465
Lithuania,2013,Maize,2515.69,7.42,656.0,4867.5199999999995,61085.0,57652.0,73953,65072.76,12.0079509959028
Lithuania,2009,Potatoes,2748.8,6.7,656.0,4395.2,148017.0,117199.8,142167,132694.49,6.662945690631447
Lithuania,2010,Potatoes,1803.77,6.14,656.0,4027.8399999999997,142167.0,119872.8,130301,137597.83,-5.59998004620071
Lithuania,2011,Potatoes,2062.34,7.32,656.0,4801.92,130301.0,121735.6,155889,123039.75,21.072205222947098
Lithuania,2012,Potatoes,2559.9,6.31,656.0,4139.36,155889.0,137096.8,170776,135562.87,20.619484002435943
Lithuania,2013,Potatoes,2515.69,7.42,656.0,4867.5199999999995,170776.0,149430.0,148606,152893.23,-2.8849642679299694
Lithuania,2009,Wheat,2748.8,6.7,656.0,4395.2,42689.0,36614.0,42004,40903.52,2.619940958004007
Lithuania,2010,Wheat,1803.77,6.14,656.0,4027.8399999999997,42004.0,36959.6,33045,41923.44,-26.867725828415807
Lithuania,2011,Wheat,2062.34,7.32,656.0,4801.92,33045.0,36102.2,33919,36799.01,-8.490845838615531
Lithuania,2012,Wheat,2559.9,6.31,656.0,4139.36,33919.0,38175.2,47829,36572.26,23.535386481005244
Lithuania,2013,Wheat,2515.69,7.42,656.0,4867.5199999999995,47829.0,39897.2,43022,45420.97,-5.576147087536612
Madagascar,2009,Cassava,143.9,20.13,1513.0,30456.69,76713.0,71995.2,75058,76517.15,-1.9440299501718594
Madagascar,2010,Cassava,241.89,20.31,1513.0,30729.03,75058.0,75971.2,74144,79744.02,-7.552897065170485
Madagascar,2011,Cassava,310.36,20.33,1513.0,30759.289999999997,74144.0,75552.2,73945,80179.29,-8.43098248698356
Madagascar,2012,Cassava,377.71,19.78,1513.0,29927.140000000003,73945.0,75134.2,76214,79960.79,-4.916144015535195
Madagascar,2013,Cassava,507.94,19.34,1513.0,29261.42,76214.0,75214.8,77707,79813.69,-2.711068500907257
Madagascar,2009,Maize,143.9,20.13,1513.0,30456.69,16569.0,16378.8,16225,17174.6,-5.852696456086277
Madagascar,2010,Maize,241.89,20.31,1513.0,30729.03,16225.0,16068.0,15577,16627.73,-6.745393849906911
Madagascar,2011,Maize,310.36,20.33,1513.0,30759.289999999997,15577.0,16090.6,15490,16478.52,-6.381665590703682
Madagascar,2012,Maize,377.71,19.78,1513.0,29927.140000000003,15490.0,16010.4,16290,16744.77,-2.7917127071823233
Madagascar,2013,Maize,507.94,19.34,1513.0,29261.42,16290.0,16030.2,16288,17149.77,-5.290827603143422
Madagascar,2009,Potatoes,143.9,20.13,1513.0,30456.69,59912.0,58611.6,59915,61613.61,-2.8350329633647675
Madagascar,2010,Potatoes,241.89,20.31,1513.0,30729.03,59915.0,59366.8,58940,60816.58,-3.1838819138106578
Madagascar,2011,Potatoes,310.36,20.33,1513.0,30759.289999999997,58940.0,59442.6,58963,59784.26,-1.392839577362078
Madagascar,2012,Potatoes,377.71,19.78,1513.0,29927.140000000003,58963.0,59522.2,59267,60122.77,-1.4439232625238274
Madagascar,2013,Potatoes,507.94,19.34,1513.0,29261.42,59267.0,59399.4,59375,66674.38,-12.293692631578955
Madagascar,2009,"Rice, paddy",143.9,20.13,1513.0,30456.69,30495.0,27609.0,35056,31785.68,9.32884527612962
Madagascar,2010,"Rice, paddy",241.89,20.31,1513.0,30729.03,35056.0,29725.2,36249,32261.2,11.00113106568457
Madagascar,2011,"Rice, paddy",310.36,20.33,1513.0,30759.289999999997,36249.0,31547.0,37806,35919.25,4.9906099560916255
Madagascar,2012,"Rice, paddy",377.71,19.78,1513.0,29927.140000000003,37806.0,33574.8,37661,37391.19,0.7164175141392891
Madagascar,2013,"Rice, paddy",507.94,19.34,1513.0,29261.42,37661.0,35453.4,39449,37110.38,5.928211108012884
Madagascar,2009,Sorghum,143.9,20.13,1513.0,30456.69,6063.0,6265.8,5961,5990.56,-0.4958899513504512
Madagascar,2010,Sorghum,241.89,20.31,1513.0,30729.03,5961.0,6164.2,5972,6001.18,-0.4886135298057651
Madagascar,2011,Sorghum,310.36,20.33,1513.0,30759.289999999997,5972.0,6085.2,5886,5993.42,-1.8250084947332668
Madagascar,2012,Sorghum,377.71,19.78,1513.0,29927.140000000003,5886.0,6009.2,5870,6022.27,-2.594037478705289
Madagascar,2013,Sorghum,507.94,19.34,1513.0,29261.42,5870.0,5950.4,5652,6081.45,-7.598195329087046
Madagascar,2009,Soybeans,143.9,20.13,1513.0,30456.69,5902.0,5946.0,5880,5929.99,-0.8501700680272072
Madagascar,2010,Soybeans,241.89,20.31,1513.0,30729.03,5880.0,5924.0,5960,5910.0,0.8389261744966443
Madagascar,2011,Soybeans,310.36,20.33,1513.0,30759.289999999997,5960.0,5922.4,5962,5923.69,0.6425696075142637
Madagascar,2012,Soybeans,377.71,19.78,1513.0,29927.140000000003,5962.0,5925.6,6000,5973.81,0.43649999999999334
Madagascar,2013,Soybeans,507.94,19.34,1513.0,29261.42,6000.0,5940.8,5867,6107.87,-4.105505369013122
Madagascar,2009,Sweet potatoes,143.9,20.13,1513.0,30456.69,71262.0,67736.6,71721,69243.69,3.4540929434893517
Madagascar,2010,Sweet potatoes,241.89,20.31,1513.0,30729.03,71721.0,71824.4,72205,72093.55,0.15435219167647266
Madagascar,2011,Sweet potatoes,310.36,20.33,1513.0,30759.289999999997,72205.0,72086.0,74011,74371.57,-0.4871843374633595
Madagascar,2012,Sweet potatoes,377.71,19.78,1513.0,29927.140000000003,74011.0,72402.6,75760,74795.65,1.2729012671594586
Madagascar,2013,Sweet potatoes,507.94,19.34,1513.0,29261.42,75760.0,72991.8,77058,75693.39,1.7708868644397733
Madagascar,2009,Wheat,143.9,20.13,1513.0,30456.69,23810.0,23680.8,23859,24200.72,-1.432247789094267
Madagascar,2010,Wheat,241.89,20.31,1513.0,30729.03,23859.0,23761.8,23982,24189.1,-0.8635643399216018
Madagascar,2011,Wheat,310.36,20.33,1513.0,30759.289999999997,23982.0,23870.2,23968,25025.57,-4.412424899866488
Madagascar,2012,Wheat,377.71,19.78,1513.0,29927.140000000003,23968.0,24012.6,24045,25163.24,-4.650613433146191
Madagascar,2013,Wheat,507.94,19.34,1513.0,29261.42,24045.0,23932.8,24122,25564.02,-5.978028355857725
Malawi,2009,Cassava,736.25,20.68,1181.0,24423.079999999998,190760.0,171247.4,202912,191205.1,5.769446853808545
Malawi,2010,Cassava,584.12,21.34,1181.0,25202.54,202912.0,179501.0,204311,195934.48,4.09988693707142
Malawi,2011,Cassava,553.57,20.92,1181.0,24706.52,204311.0,191764.2,215408,197421.23,8.350093775532939
Malawi,2012,Cassava,775.83,20.42,1181.0,24116.02,215408.0,200222.6,223883,203732.08,9.000647659715124
Malawi,2013,Cassava,1500.27,19.68,1181.0,23242.079999999998,223883.0,207454.8,228041,231729.05,-1.6172749637126604
Malawi,2009,Maize,736.25,20.68,1181.0,24423.079999999998,16498.0,15282.4,22265,17463.12,21.566943633505506
Malawi,2010,Maize,584.12,21.34,1181.0,25202.54,22265.0,17643.4,20158,20504.6,-1.7194166087905476
Malawi,2011,Maize,553.57,20.92,1181.0,24706.52,20158.0,20056.4,22079,22498.51,-1.9000407627156954
Malawi,2012,Maize,775.83,20.42,1181.0,24116.02,22079.0,21509.4,21932,21383.86,2.499270472369138
Malawi,2013,Maize,1500.27,19.68,1181.0,23242.079999999998,21932.0,20586.4,21708,22137.75,-1.9796849087893864
Malawi,2009,Plantains and others,736.25,20.68,1181.0,24423.079999999998,95374.0,96130.6,96524,94611.33,1.9815486303924392
Malawi,2010,Plantains and others,584.12,21.34,1181.0,25202.54,96524.0,95435.4,97581,95555.87,2.075332288047883
Malawi,2011,Plantains and others,553.57,20.92,1181.0,24706.52,97581.0,95576.6,98694,97150.77,1.5636512857924452
Malawi,2012,Plantains and others,775.83,20.42,1181.0,24116.02,98694.0,96491.8,100000,95786.69,4.213309999999998
Malawi,2013,Plantains and others,1500.27,19.68,1181.0,23242.079999999998,100000.0,97634.6,100966,94488.16,6.415862765683494
Malawi,2009,Potatoes,736.25,20.68,1181.0,24423.079999999998,146009.0,128524.0,161923,150094.46,7.305040049900266
Malawi,2010,Potatoes,584.12,21.34,1181.0,25202.54,161923.0,136734.0,160600,155225.66,3.3464134495641327
Malawi,2011,Potatoes,553.57,20.92,1181.0,24706.52,160600.0,150779.8,159930,158498.61,0.8950103170137022
Malawi,2012,Potatoes,775.83,20.42,1181.0,24116.02,159930.0,156076.8,172009,165629.22,3.708980344051764
Malawi,2013,Potatoes,1500.27,19.68,1181.0,23242.079999999998,172009.0,160094.2,175414,172176.12,1.8458503882244317
Malawi,2009,"Rice, paddy",736.25,20.68,1181.0,24423.079999999998,18200.0,15072.4,21259,17980.23,15.422973799332048
Malawi,2010,"Rice, paddy",584.12,21.34,1181.0,25202.54,21259.0,16988.0,18631,18822.74,-1.0291449734313864
Malawi,2011,"Rice, paddy",553.57,20.92,1181.0,24706.52,18631.0,19029.4,19125,18641.24,2.5294640522875733
Malawi,2012,"Rice, paddy",775.83,20.42,1181.0,24116.02,19125.0,19339.2,18453,19867.34,-7.664553189183332
Malawi,2013,"Rice, paddy",1500.27,19.68,1181.0,23242.079999999998,18453.0,19133.6,19174,19213.23,-0.20459997913841432
Malawi,2009,Sorghum,736.25,20.68,1181.0,24423.079999999998,8314.0,6739.4,7968,7967.86,0.0017570281124539083
Malawi,2010,Sorghum,584.12,21.34,1181.0,25202.54,7968.0,7043.8,6094,8368.27,-37.31982277650148
Malawi,2011,Sorghum,553.57,20.92,1181.0,24706.52,6094.0,7731.4,8184,6773.63,17.233260019550343
Malawi,2012,Sorghum,775.83,20.42,1181.0,24116.02,8184.0,7830.6,8335,8980.95,-7.749850029994009
Malawi,2013,Sorghum,1500.27,19.68,1181.0,23242.079999999998,8335.0,7779.0,9647,9020.23,6.497045713693381
Malawi,2009,Soybeans,736.25,20.68,1181.0,24423.079999999998,8722.0,7515.4,9804,9699.44,1.066503467972251
Malawi,2010,Soybeans,584.12,21.34,1181.0,25202.54,9804.0,8186.8,9757,9181.23,5.901096648560013
Malawi,2011,Soybeans,553.57,20.92,1181.0,24706.52,9757.0,8978.8,9977,11430.83,-14.571815174902275
Malawi,2012,Soybeans,775.83,20.42,1181.0,24116.02,9977.0,9446.4,10433,12195.35,-16.892073229176656
Malawi,2013,Soybeans,1500.27,19.68,1181.0,23242.079999999998,10433.0,9738.6,9791,12695.99,-29.670003064038404
Malawi,2009,Wheat,736.25,20.68,1181.0,24423.079999999998,16133.0,13483.2,15006,18138.14,-20.872584299613482
Malawi,2010,Wheat,584.12,21.34,1181.0,25202.54,15006.0,14977.0,15123,18108.88,-19.743966144283547
Malawi,2011,Wheat,553.57,20.92,1181.0,24706.52,15123.0,16260.2,15214,17942.56,-17.93453398185882
Malawi,2012,Wheat,775.83,20.42,1181.0,24116.02,15214.0,16888.8,15104,17235.26,-14.110566737288124
Malawi,2013,Wheat,1500.27,19.68,1181.0,23242.079999999998,15104.0,15316.0,14058,17903.64,-27.355527102005972
Malaysia,2009,Cassava,52464.19,27.47,2875.0,78976.25,152025.0,194456.0,222790,158576.42,28.82246959019704
Malaysia,2010,Cassava,60194.83,27.69,2875.0,79608.75,222790.0,198514.0,134298,202594.55,-50.854480334777875
Malaysia,2011,Cassava,41562.16,27.27,2875.0,78401.25,134298.0,180802.2,127912,164016.04,-28.225686409406475
Malaysia,2012,Cassava,49810.48,27.36,2875.0,78660.0,127912.0,159718.0,275589,138276.09,49.825250644982205
Malaysia,2013,Cassava,61445.6,27.8,2875.0,79925.0,275589.0,182522.8,155321,231951.44,-49.33681858860039
Malaysia,2009,Maize,52464.19,27.47,2875.0,78976.25,52192.0,38549.2,50719,53818.59,-6.11129951300301
Malaysia,2010,Maize,60194.83,27.69,2875.0,79608.75,50719.0,42693.0,55351,63981.08,-15.591552094813105
Malaysia,2011,Maize,41562.16,27.27,2875.0,78401.25,55351.0,47763.2,61320,56879.28,7.241878669275932
Malaysia,2012,Maize,49810.48,27.36,2875.0,78660.0,61320.0,53627.2,89681,68155.26,24.00256464580012
Malaysia,2013,Maize,61445.6,27.8,2875.0,79925.0,89681.0,61852.6,88991,83872.78,5.75139059005967
Malaysia,2009,"Rice, paddy",52464.19,27.47,2875.0,78976.25,35836.0,34500.2,37205,37092.76,0.3016798817363203
Malaysia,2010,"Rice, paddy",60194.83,27.69,2875.0,79608.75,37205.0,35289.2,36361,38490.36,-5.856164571931466
Malaysia,2011,"Rice, paddy",41562.16,27.27,2875.0,78401.25,36361.0,35717.2,37468,37550.53,-0.22026796199423196
Malaysia,2012,"Rice, paddy",49810.48,27.36,2875.0,78660.0,37468.0,36429.4,37972,39031.12,-2.7892131043927173
Malaysia,2013,"Rice, paddy",61445.6,27.8,2875.0,79925.0,37972.0,36968.4,38763,39610.14,-2.185434563888242
Malaysia,2009,Sweet potatoes,52464.19,27.47,2875.0,78976.25,139251.0,138359.8,103094,153537.51,-48.929627330397516
Malaysia,2010,Sweet potatoes,60194.83,27.69,2875.0,79608.75,103094.0,134874.0,106534,120862.8,-13.449978410648248
Malaysia,2011,Sweet potatoes,41562.16,27.27,2875.0,78401.25,106534.0,130899.6,119255,123170.29,-3.2831243972998982
Malaysia,2012,Sweet potatoes,49810.48,27.36,2875.0,78660.0,119255.0,126177.0,215175,126068.23,41.41130242825607
Malaysia,2013,Sweet potatoes,61445.6,27.8,2875.0,79925.0,215175.0,136661.8,166824,208396.21,-24.91980170718841
Mali,2009,Cassava,4.12,27.89,282.0,7864.9800000000005,158875.0,165412.6,180749,177574.77,1.7561535610155579
Mali,2010,Cassava,3.84,28.18,282.0,7946.76,180749.0,165767.2,153919,165896.49,-7.781683872686276
Mali,2011,Cassava,3.25,27.79,282.0,7836.78,153919.0,167191.4,155504,169540.58,-9.026507356723934
Mali,2012,Cassava,1.52,27.39,282.0,7723.9800000000005,155504.0,162256.6,156860,173344.51,-10.509059033533093
Mali,2013,Cassava,1.52,28.53,282.0,8045.46,156860.0,161181.4,155621,174547.26,-12.161764800380418
Mali,2009,Maize,4.12,27.89,282.0,7864.9800000000005,19732.0,17368.0,33349,16699.12,49.926174697891994
Mali,2010,Maize,3.84,28.18,282.0,7946.76,33349.0,20395.8,26886,34997.9,-30.171464702819318
Mali,2011,Maize,3.25,27.79,282.0,7836.78,26886.0,22786.4,14037,32183.1,-129.2733490061979
Mali,2012,Maize,1.52,27.39,282.0,7723.9800000000005,14037.0,22167.0,24427,16625.05,31.93986162852581
Mali,2013,Maize,1.52,28.53,282.0,8045.46,24427.0,23686.2,25927,23812.55,8.155397847803451
Mali,2009,Potatoes,4.12,27.89,282.0,7864.9800000000005,239915.0,215672.0,237913,241019.03,-1.3055318540811132
Mali,2010,Potatoes,3.84,28.18,282.0,7946.76,237913.0,230463.8,220473,245415.21,-11.313045134778404
Mali,2011,Potatoes,3.25,27.79,282.0,7836.78,220473.0,235567.2,204721,214919.31,-4.98156515452738
Mali,2012,Potatoes,1.52,27.39,282.0,7723.9800000000005,204721.0,228714.6,198983,206540.25,-3.7979375122497903
Mali,2013,Potatoes,1.52,28.53,282.0,8045.46,198983.0,220401.0,193555,195921.88,-1.2228462194208387
Mali,2009,"Rice, paddy",4.12,27.89,282.0,7864.9800000000005,33660.0,26542.4,30646,34028.6,-11.037655811525154
Mali,2010,"Rice, paddy",3.84,28.18,282.0,7946.76,30646.0,28111.0,21044,34212.01,-62.57370271811443
Mali,2011,"Rice, paddy",3.25,27.79,282.0,7836.78,21044.0,27750.8,30210,25713.19,14.885170473353199
Mali,2012,"Rice, paddy",1.52,27.39,282.0,7723.9800000000005,30210.0,28636.2,34486,35272.01,-2.2792147538131475
Mali,2013,"Rice, paddy",1.52,28.53,282.0,8045.46,34486.0,30009.2,30009,36074.41,-20.21196974241062
Mali,2009,Sorghum,4.12,27.89,282.0,7864.9800000000005,10365.0,9396.6,15941,9306.51,41.61903268301863
Mali,2010,Sorghum,3.84,28.18,282.0,7946.76,15941.0,10283.0,9951,13666.12,-37.33413727263593
Mali,2011,Sorghum,3.25,27.79,282.0,7836.78,9951.0,10582.4,7067,9828.53,-39.076411490024064
Mali,2012,Sorghum,1.52,27.39,282.0,7723.9800000000005,7067.0,10317.2,10612,8125.64,23.429702223897472
Mali,2013,Sorghum,1.52,28.53,282.0,8045.46,10612.0,10787.2,11052,10744.93,2.7784111473036526
Mali,2009,Soybeans,4.12,27.89,282.0,7864.9800000000005,6214.0,13785.0,6274,10034.46,-59.937201147593235
Mali,2010,Soybeans,3.84,28.18,282.0,7946.76,6274.0,11567.6,6881,8347.33,-21.309838686237466
Mali,2011,Soybeans,3.25,27.79,282.0,7836.78,6881.0,9509.6,8715,8088.19,7.192312105565122
Mali,2012,Soybeans,1.52,27.39,282.0,7723.9800000000005,8715.0,8046.2,8611,9067.32,-5.299268377656483
Mali,2013,Soybeans,1.52,28.53,282.0,8045.46,8611.0,7339.0,7219,8950.24,-23.981714918963842
Mali,2009,Sweet potatoes,4.12,27.89,282.0,7864.9800000000005,202336.0,180869.2,191228,175421.25,8.265918170979146
Mali,2010,Sweet potatoes,3.84,28.18,282.0,7946.76,191228.0,186069.4,188048,190410.35,-1.2562484046626423
Mali,2011,Sweet potatoes,3.25,27.79,282.0,7836.78,188048.0,191746.0,181391,188153.38,-3.7280680959915347
Mali,2012,Sweet potatoes,1.52,27.39,282.0,7723.9800000000005,181391.0,190721.0,176736,189290.49,-7.103527294948392
Mali,2013,Sweet potatoes,1.52,28.53,282.0,8045.46,176736.0,187947.8,174581,174662.77,-0.04683785749880544
Mali,2009,Wheat,4.12,27.89,282.0,7864.9800000000005,24409.0,24152.0,29665,25322.7,14.637788639811223
Mali,2010,Wheat,3.84,28.18,282.0,7946.76,29665.0,25025.8,25543,36042.37,-41.10468621540149
Mali,2011,Wheat,3.25,27.79,282.0,7836.78,25543.0,25734.2,34378,28579.41,16.867153412065857
Mali,2012,Wheat,1.52,27.39,282.0,7723.9800000000005,34378.0,27804.8,40285,34086.63,15.386297629390599
Mali,2013,Wheat,1.52,28.53,282.0,8045.46,40285.0,30856.0,39754,37810.47,4.88889168385571
Mali,2009,Yams,4.12,27.89,282.0,7864.9800000000005,212980.0,216910.0,203082,194860.43,4.048399168808662
Mali,2010,Yams,3.84,28.18,282.0,7946.76,203082.0,216384.0,234857,190505.26,18.884572314216733
Mali,2011,Yams,3.25,27.79,282.0,7836.78,234857.0,230172.0,223344,242775.51,-8.7002605845691
Mali,2012,Yams,1.52,27.39,282.0,7723.9800000000005,223344.0,224840.8,211794,228208.41,-7.750177058840195
Mali,2013,Yams,1.52,28.53,282.0,8045.46,211794.0,217211.4,206300,196498.92,4.75088705768298
Mauritania,2009,Maize,4.29,27.57,92.0,2536.44,7059.0,7763.8,5542,7439.86,-34.24503789245759
Mauritania,2010,Maize,67.59,28.7,92.0,2640.4,5542.0,6569.6,8592,7363.14,14.302374301675973
Mauritania,2011,Maize,13.35,27.87,92.0,2564.04,8592.0,6656.8,6611,7306.36,-10.518227197095745
Mauritania,2012,Maize,26.41,27.77,92.0,2554.84,6611.0,6984.0,6904,6726.63,2.5690903823870204
Mauritania,2013,Maize,26.41,28.24,92.0,2598.08,6904.0,6941.6,4731,6821.05,-44.17776368632425
Mauritania,2009,Potatoes,4.29,27.57,92.0,2536.44,53810.0,52546.8,54030,52759.59,2.3513048306496453
Mauritania,2010,Potatoes,67.59,28.7,92.0,2640.4,54030.0,52997.2,51163,47705.31,6.758184625608354
Mauritania,2011,Potatoes,13.35,27.87,92.0,2564.04,51163.0,52997.2,55446,50335.31,9.21741874977456
Mauritania,2012,Potatoes,26.41,27.77,92.0,2554.84,55446.0,53536.0,57143,58494.3,-2.364769088077285
Mauritania,2013,Potatoes,26.41,28.24,92.0,2598.08,57143.0,54318.4,62857,60470.52,3.7966813560939965
Mauritania,2009,"Rice, paddy",4.29,27.57,92.0,2536.44,47631.0,45115.0,39894,46143.83,-15.666090138868006
Mauritania,2010,"Rice, paddy",67.59,28.7,92.0,2640.4,39894.0,43694.8,52310,42815.37,18.150697763333966
Mauritania,2011,"Rice, paddy",13.35,27.87,92.0,2564.04,52310.0,46373.0,50958,51775.98,-1.605204285882498
Mauritania,2012,"Rice, paddy",26.41,27.77,92.0,2554.84,50958.0,47602.8,49788,53661.07,-7.779123483570338
Mauritania,2013,"Rice, paddy",26.41,28.24,92.0,2598.08,49788.0,48116.2,49522,49504.79,0.034752231331527654
Mauritania,2009,Sorghum,4.29,27.57,92.0,2536.44,4395.0,3802.4,4902,4511.09,7.974500203998365
Mauritania,2010,Sorghum,67.59,28.7,92.0,2640.4,4902.0,4493.2,5094,4466.55,12.317432273262659
Mauritania,2011,Sorghum,13.35,27.87,92.0,2564.04,5094.0,4480.8,2793,4614.59,-65.21983530254207
Mauritania,2012,Sorghum,26.41,27.77,92.0,2554.84,2793.0,4232.0,5074,4450.69,12.284391013007497
Mauritania,2013,Sorghum,26.41,28.24,92.0,2598.08,5074.0,4451.6,4843,4448.31,8.149700598802387
Mauritania,2009,Sweet potatoes,4.29,27.57,92.0,2536.44,10006.0,10006.0,10005,9782.8,2.220889555222396
Mauritania,2010,Sweet potatoes,67.59,28.7,92.0,2640.4,10005.0,10005.2,10005,10308.71,-3.0355822088955433
Mauritania,2011,Sweet potatoes,13.35,27.87,92.0,2564.04,10005.0,10004.6,10004,9955.95,0.4803078768492531
Mauritania,2012,Sweet potatoes,26.41,27.77,92.0,2554.84,10004.0,10005.4,10000,9834.77,1.6522999999999959
Mauritania,2013,Sweet potatoes,26.41,28.24,92.0,2598.08,10000.0,10004.0,10000,9948.61,0.5138999999999943
Mauritania,2009,Wheat,4.29,27.57,92.0,2536.44,20000.0,21186.4,19780,20207.44,-2.160970677451965
Mauritania,2010,Wheat,67.59,28.7,92.0,2640.4,19780.0,20161.2,20820,19716.3,5.301152737752165
Mauritania,2011,Wheat,13.35,27.87,92.0,2564.04,20820.0,20325.2,16018,31872.48,-98.97914845798476
Mauritania,2012,Wheat,26.41,27.77,92.0,2554.84,16018.0,19323.6,21278,19768.81,7.0927248801579035
Mauritania,2013,Wheat,26.41,28.24,92.0,2598.08,21278.0,19579.2,21172,20812.05,1.7001228037030074
Mauritania,2009,Yams,4.29,27.57,92.0,2536.44,62703.0,62623.0,62705,66553.68,-6.137756159795858
Mauritania,2010,Yams,67.59,28.7,92.0,2640.4,62705.0,62612.0,62706,62597.87,0.17243963895001657
Mauritania,2011,Yams,13.35,27.87,92.0,2564.04,62706.0,62606.8,62703,66622.0,-6.250099676251534
Mauritania,2012,Yams,26.41,27.77,92.0,2554.84,62703.0,62703.0,63830,66587.02,-4.319316935610221
Mauritania,2013,Yams,26.41,28.24,92.0,2598.08,63830.0,62929.4,61224,65678.71,-7.27608454200968
Mauritius,2009,Cassava,749.41,24.58,2041.0,50167.78,136364.0,155293.8,146667,152840.83,-4.209419978590949
Mauritius,2010,Cassava,731.46,24.67,2041.0,50351.47,146667.0,147127.2,132059,148885.39,-12.741570055808399
Mauritius,2011,Cassava,685.98,24.52,2041.0,50045.32,132059.0,144110.4,125000,138450.68,-10.760543999999994
Mauritius,2012,Cassava,636.91,24.37,2041.0,49739.170000000006,125000.0,136253.2,125000,125849.55,-0.6796400000000024
Mauritius,2013,Cassava,671.77,24.31,2041.0,49616.71,125000.0,133018.0,137027,126241.56,7.871032716180025
Mauritius,2009,Maize,749.41,24.58,2041.0,50167.78,75410.0,77602.4,80000,82354.91,-2.9436375000000043
Mauritius,2010,Maize,731.46,24.67,2041.0,50351.47,80000.0,80655.0,68333,81360.61,-19.06488812140547
Mauritius,2011,Maize,685.98,24.52,2041.0,50045.32,68333.0,79242.2,74419,89871.47,-20.76414625297303
Mauritius,2012,Maize,636.91,24.37,2041.0,49739.170000000006,74419.0,78539.8,71207,83396.43,-17.118302975831018
Mauritius,2013,Maize,671.77,24.31,2041.0,49616.71,71207.0,73873.8,67957,81058.7,-19.27939726591815
Mauritius,2009,Potatoes,749.41,24.58,2041.0,50167.78,229444.0,223609.0,231096,227625.47,1.5017698272579356
Mauritius,2010,Potatoes,731.46,24.67,2041.0,50351.47,231096.0,232773.8,203649,238236.98,-16.98411482501756
Mauritius,2011,Potatoes,685.98,24.52,2041.0,50045.32,203649.0,230842.4,213264,229370.12,-7.5521982144196835
Mauritius,2012,Potatoes,636.91,24.37,2041.0,49739.170000000006,213264.0,225874.2,233356,218147.92,6.517115480210488
Mauritius,2013,Potatoes,671.77,24.31,2041.0,49616.71,233356.0,222161.8,236026,234728.27,0.5498250192775417
Mauritius,2009,"Rice, paddy",749.41,24.58,2041.0,50167.78,30688.0,86009.4,29513,34285.9,-16.172195303764447
Mauritius,2010,"Rice, paddy",731.46,24.67,2041.0,50351.47,29513.0,44706.8,28354,32511.76,-14.66375114622275
Mauritius,2011,"Rice, paddy",685.98,24.52,2041.0,50045.32,28354.0,37711.0,26333,29179.77,-10.810655831086471
Mauritius,2012,"Rice, paddy",636.91,24.37,2041.0,49739.170000000006,26333.0,32977.6,26893,28106.93,-4.5139255568363525
Mauritius,2013,"Rice, paddy",671.77,24.31,2041.0,49616.71,26893.0,28356.2,21250,27946.69,-31.51383529411764
Mauritius,2009,Sweet potatoes,749.41,24.58,2041.0,50167.78,112535.0,97958.4,123377,109202.48,11.488786402652037
Mauritius,2010,Sweet potatoes,731.46,24.67,2041.0,50351.47,123377.0,100967.2,114143,130742.86,-14.543038118850916
Mauritius,2011,Sweet potatoes,685.98,24.52,2041.0,50045.32,114143.0,104333.2,174769,116094.59,33.57255005178264
Mauritius,2012,Sweet potatoes,636.91,24.37,2041.0,49739.170000000006,174769.0,125218.0,152500,173674.6,-13.88498360655738
Mauritius,2013,Sweet potatoes,671.77,24.31,2041.0,49616.71,152500.0,135464.8,133049,147227.84,-10.656855744875946
Mexico,2009,Cassava,61690.08,20.785,758.0,15755.03,143579.0,134349.6,143440,134333.81,6.348431399888457
Mexico,2010,Cassava,63402.29,19.98625,758.0,15149.5775,143440.0,134702.2,131579,135031.81,-2.624134550346178
Mexico,2011,Cassava,65961.1,20.5225,758.0,15556.055,131579.0,135798.2,127352,128818.62,-1.1516269866197588
Mexico,2012,Cassava,64512.22,20.74875,758.0,15727.552500000002,127352.0,133739.0,122330,133317.35,-8.981729747404566
Mexico,2013,Cassava,59920.18,21.345,758.0,16179.509999999998,122330.0,133656.0,146398,137137.87,6.325311821199746
Mexico,2009,Maize,61690.08,20.785,758.0,15755.03,33071.0,30522.0,32368,31919.31,1.386214780029655
Mexico,2010,Maize,63402.29,19.98625,758.0,15149.5775,32368.0,31358.0,32599,32642.26,-0.1327034571612577
Mexico,2011,Maize,65961.1,20.5225,758.0,15556.055,32599.0,32022.6,29058,33626.03,-15.72038681258173
Mexico,2012,Maize,64512.22,20.74875,758.0,15727.552500000002,29058.0,31831.8,31874,32344.43,-1.47590512643534
Mexico,2013,Maize,59920.18,21.345,758.0,16179.509999999998,31874.0,31794.0,31941,33333.47,-4.359506590275824
Mexico,2009,Potatoes,61690.08,20.785,758.0,15755.03,277258.0,259698.8,277374,271531.77,2.1062644660278114
Mexico,2010,Potatoes,63402.29,19.98625,758.0,15149.5775,277374.0,266693.8,277578,281068.68,-1.2575492294057862
Mexico,2011,Potatoes,65961.1,20.5225,758.0,15556.055,277578.0,270277.0,262734,279065.88,-6.216127337915917
Mexico,2012,Potatoes,64512.22,20.74875,758.0,15727.552500000002,262734.0,273101.8,268098,273925.74,-2.173734977508221
Mexico,2013,Potatoes,59920.18,21.345,758.0,16179.509999999998,268098.0,272608.4,267752,277649.41,-3.696484059876294
Mexico,2009,"Rice, paddy",61690.08,20.785,758.0,15755.03,44619.0,45859.2,48502,47801.58,1.4441053977155545
Mexico,2010,"Rice, paddy",63402.29,19.98625,758.0,15149.5775,48502.0,46633.4,51901,45614.31,12.11284946340148
Mexico,2011,"Rice, paddy",65961.1,20.5225,758.0,15556.055,51901.0,46883.0,50962,48739.88,4.360346925159928
Mexico,2012,"Rice, paddy",64512.22,20.74875,758.0,15727.552500000002,50962.0,47504.0,56231,49492.31,11.983941242375206
Mexico,2013,"Rice, paddy",59920.18,21.345,758.0,16179.509999999998,56231.0,50443.0,54252,56222.97,-3.6329904888299067
Mexico,2009,Sorghum,61690.08,20.785,758.0,15755.03,35965.0,35632.0,36131,35567.82,1.5587168913121703
Mexico,2010,Sorghum,63402.29,19.98625,758.0,15149.5775,36131.0,35213.6,39246,35926.85,8.457295010956534
Mexico,2011,Sorghum,65961.1,20.5225,758.0,15556.055,39246.0,36154.0,37202,37493.67,-0.7840169883339558
Mexico,2012,Sorghum,64512.22,20.74875,758.0,15727.552500000002,37202.0,36698.2,38295,36601.24,4.422927275101193
Mexico,2013,Sorghum,59920.18,21.345,758.0,16179.509999999998,38295.0,37367.8,37350,37565.1,-0.5759036144578275
Mexico,2009,Soybeans,61690.08,20.785,758.0,15755.03,20196.0,16747.8,18675,16609.23,11.061686746987954
Mexico,2010,Soybeans,63402.29,19.98625,758.0,15149.5775,18675.0,17480.8,10925,18093.75,-65.61784897025171
Mexico,2011,Soybeans,65961.1,20.5225,758.0,15556.055,10925.0,15775.8,13197,13567.84,-2.810032583162841
Mexico,2012,Soybeans,64512.22,20.74875,758.0,15727.552500000002,13197.0,15422.8,17389,15994.69,8.018344930703316
Mexico,2013,Soybeans,59920.18,21.345,758.0,16179.509999999998,17389.0,16076.4,15198,16655.8,-9.59205158573496
Mexico,2009,Sweet potatoes,61690.08,20.785,758.0,15755.03,215028.0,213218.8,190454,215227.98,-13.007854915097614
Mexico,2010,Sweet potatoes,63402.29,19.98625,758.0,15149.5775,190454.0,207590.2,206653,205640.61,0.48989852554766394
Mexico,2011,Sweet potatoes,65961.1,20.5225,758.0,15556.055,206653.0,205935.2,201465,210764.9,-4.616136797954977
Mexico,2012,Sweet potatoes,64512.22,20.74875,758.0,15727.552500000002,201465.0,203639.8,175168,205515.27,-17.324665464011684
Mexico,2013,Sweet potatoes,59920.18,21.345,758.0,16179.509999999998,175168.0,197753.6,183965,197610.23,-7.417296768407039
Mexico,2009,Wheat,61690.08,20.785,758.0,15755.03,50134.0,49124.0,49688,49556.64,0.26436966672033607
Mexico,2010,Wheat,63402.29,19.98625,758.0,15149.5775,49688.0,50087.4,54185,50270.97,7.223456676201899
Mexico,2011,Wheat,65961.1,20.5225,758.0,15556.055,54185.0,51421.0,54778,54580.19,0.36111212530577547
Mexico,2012,Wheat,64512.22,20.74875,758.0,15727.552500000002,54778.0,51921.8,56568,55441.34,1.991691415641358
Mexico,2013,Wheat,59920.18,21.345,758.0,16179.509999999998,56568.0,53070.6,52934,57338.71,-8.321135753957758
Montenegro,2009,Maize,0.55,11.46,241.0,2761.86,36000.0,31196.0,38009,37964.44,0.11723539161776861
Montenegro,2010,Maize,66.0,11.25,241.0,2711.25,38009.0,32899.25,37950,42366.98,-11.638945981554686
Montenegro,2011,Maize,75.0,11.25,241.0,2711.25,37950.0,33909.4,42007,41240.31,1.825148189587455
Montenegro,2012,Maize,71.0,11.53,241.0,2778.73,42007.0,35793.2,32007,43918.81,-37.216265191989244
Montenegro,2013,Maize,82.0,12.87,241.0,3101.6699999999996,32007.0,37194.6,51775,33849.72,34.6214968614196
Montenegro,2009,Potatoes,0.55,11.46,241.0,2761.86,130981.0,90049.6,150977,116846.61,22.606350636189617
Montenegro,2010,Potatoes,66.0,11.25,241.0,2711.25,150977.0,113843.6,145964,150210.91,-2.9095598914800935
Montenegro,2011,Potatoes,75.0,11.25,241.0,2711.25,145964.0,132681.4,165000,150712.49,8.659096969696975
Montenegro,2012,Potatoes,71.0,11.53,241.0,2778.73,165000.0,139591.8,118033,150817.53,-27.775732210483504
Montenegro,2013,Potatoes,82.0,12.87,241.0,3101.6699999999996,118033.0,142191.0,149004,139837.64,6.151754315320384
Montenegro,2009,Wheat,0.55,11.46,241.0,2761.86,35016.0,71396.4,35981,41078.61,-14.1675050721214
Montenegro,2010,Wheat,66.0,11.25,241.0,2711.25,35981.0,54986.0,34029,42502.7,-24.90140762290986
Montenegro,2011,Wheat,75.0,11.25,241.0,2711.25,34029.0,31991.0,32024,33230.12,-3.7663002747939127
Montenegro,2012,Wheat,71.0,11.53,241.0,2778.73,32024.0,32215.2,27984,32218.32,-15.131217838765007
Montenegro,2013,Wheat,82.0,12.87,241.0,3101.6699999999996,27984.0,33006.8,34357,31320.66,8.837616788427395
Morocco,2009,Maize,13697.0,18.645,346.0,6451.17,5515.0,6611.2,9151,6469.52,29.302589880887332
Morocco,2010,Maize,13697.0,18.85,346.0,6522.1,9151.0,6611.0,12132,7433.26,38.73013517969007
Morocco,2011,Maize,13697.0,18.560000000000002,346.0,6421.760000000001,12132.0,8630.2,11533,9863.07,14.479580334691757
Morocco,2012,Maize,13697.0,18.22,346.0,6304.12,11533.0,8497.2,7648,9481.02,-23.967311715481177
Morocco,2013,Maize,13697.0,18.705,346.0,6471.929999999999,7648.0,9195.8,6632,7844.51,-18.282720144752716
Morocco,2009,Potatoes,13697.0,18.645,346.0,6451.17,244675.0,247132.4,195328,247125.03,-26.517974893512452
Morocco,2010,Potatoes,13697.0,18.85,346.0,6522.1,195328.0,237868.0,283502,216993.03,23.45978864346636
Morocco,2011,Potatoes,13697.0,18.560000000000002,346.0,6421.760000000001,283502.0,246950.4,297584,274190.59,7.861111484488405
Morocco,2012,Potatoes,13697.0,18.22,346.0,6304.12,297584.0,253812.8,279800,286459.57,-2.380117941386707
Morocco,2013,Potatoes,13697.0,18.705,346.0,6471.929999999999,279800.0,260177.8,363561,275999.59,24.084379237596984
Morocco,2009,"Rice, paddy",13697.0,18.645,346.0,6451.17,69563.0,69255.0,64154,70243.44,-9.49191009134271
Morocco,2010,"Rice, paddy",13697.0,18.85,346.0,6522.1,64154.0,68676.8,68270,70364.97,-3.0686538743225444
Morocco,2011,"Rice, paddy",13697.0,18.560000000000002,346.0,6421.760000000001,68270.0,68730.8,70236,71238.76,-1.4277008941283598
Morocco,2012,"Rice, paddy",13697.0,18.22,346.0,6304.12,70236.0,69178.0,76015,71682.89,5.699019930276919
Morocco,2013,"Rice, paddy",13697.0,18.705,346.0,6471.929999999999,76015.0,69647.6,75433,72605.33,3.7485848368751054
Morocco,2009,Sorghum,13697.0,18.645,346.0,6451.17,8683.0,7288.4,8878,7672.17,13.582225726514979
Morocco,2010,Sorghum,13697.0,18.85,346.0,6522.1,8878.0,7417.4,6632,9317.03,-40.48597708082028
Morocco,2011,Sorghum,13697.0,18.560000000000002,346.0,6421.760000000001,6632.0,7653.6,8011,8453.18,-5.519660466858074
Morocco,2012,Sorghum,13697.0,18.22,346.0,6304.12,8011.0,7687.6,9475,7350.62,22.420897097625332
Morocco,2013,Sorghum,13697.0,18.705,346.0,6471.929999999999,9475.0,8335.8,10637,8232.1,22.60881827582965
Morocco,2009,Soybeans,13697.0,18.645,346.0,6451.17,10000.0,10000.0,10000,10044.91,-0.44909999999999856
Morocco,2010,Soybeans,13697.0,18.85,346.0,6522.1,10000.0,10000.0,10000,10044.91,-0.44909999999999856
Morocco,2011,Soybeans,13697.0,18.560000000000002,346.0,6421.760000000001,10000.0,10000.0,10000,10044.91,-0.44909999999999856
Morocco,2012,Soybeans,13697.0,18.22,346.0,6304.12,10000.0,10000.0,10000,9966.52,0.33479999999999566
Morocco,2013,Soybeans,13697.0,18.705,346.0,6471.929999999999,10000.0,10000.0,10000,10044.91,-0.44909999999999856
Morocco,2009,Sweet potatoes,13697.0,18.645,346.0,6451.17,174320.0,163720.4,170964,171578.48,-0.3594206967548785
Morocco,2010,Sweet potatoes,13697.0,18.85,346.0,6522.1,170964.0,166446.6,166600,163887.01,1.628445378151255
Morocco,2011,Sweet potatoes,13697.0,18.560000000000002,346.0,6421.760000000001,166600.0,173870.0,213115,159644.98,25.089749665673455
Morocco,2012,Sweet potatoes,13697.0,18.22,346.0,6304.12,213115.0,180670.0,270783,205928.55,23.950709608801148
Morocco,2013,Sweet potatoes,13697.0,18.705,346.0,6471.929999999999,270783.0,199156.4,245134,265718.95,-8.397427529432887
Morocco,2009,Wheat,13697.0,18.645,346.0,6451.17,13189.0,13610.2,21398,14196.13,33.65674362089916
Morocco,2010,Wheat,13697.0,18.85,346.0,6522.1,21398.0,14273.4,17095,13845.52,19.008365019011407
Morocco,2011,Wheat,13697.0,18.560000000000002,346.0,6421.760000000001,17095.0,15640.2,19488,15155.13,22.233528325123157
Morocco,2012,Wheat,13697.0,18.22,346.0,6304.12,19488.0,15464.8,12342,11540.31,6.495624696159459
Morocco,2013,Wheat,13697.0,18.705,346.0,6471.929999999999,12342.0,16702.4,21640,12634.71,41.61409426987062
Mozambique,2009,Cassava,914.92,21.7,1032.0,22394.399999999998,40254.0,51447.0,45215,51183.53,-13.200331748313609
Mozambique,2010,Cassava,1187.1,22.1,1032.0,22807.2,45215.0,48486.6,77638,53805.84,30.69651459336923
Mozambique,2011,Cassava,766.93,21.69,1032.0,22384.08,77638.0,55383.2,78029,71847.58,7.9219520947340065
Mozambique,2012,Cassava,766.93,21.92,1032.0,22621.440000000002,78029.0,58207.6,107501,74081.33,31.08777592766579
Mozambique,2013,Cassava,766.93,21.37,1032.0,22053.84,107501.0,69727.4,46115,107756.05,-133.66811232787597
Mozambique,2009,Maize,914.92,21.7,1032.0,22394.399999999998,6177.0,6882.4,10000,5690.85,43.091499999999996
Mozambique,2010,Maize,1187.1,22.1,1032.0,22807.2,10000.0,7265.4,12024,9750.74,18.90602129075183
Mozambique,2011,Maize,766.93,21.69,1032.0,22384.08,12024.0,8680.2,12020,11255.05,6.363976705490855
Mozambique,2012,Maize,766.93,21.92,1032.0,22621.440000000002,12020.0,9406.8,14980,11268.25,24.77803738317757
Mozambique,2013,Maize,766.93,21.37,1032.0,22053.84,14980.0,11040.2,6814,16240.54,-138.34076900498974
Mozambique,2009,Potatoes,914.92,21.7,1032.0,22394.399999999998,140000.0,133379.0,145000,140723.53,2.949289655172415
Mozambique,2010,Potatoes,1187.1,22.1,1032.0,22807.2,145000.0,136405.4,142467,145523.5,-2.1454091122856522
Mozambique,2011,Potatoes,766.93,21.69,1032.0,22384.08,142467.0,138630.6,142473,144973.11,-1.7547956454907148
Mozambique,2012,Potatoes,766.93,21.92,1032.0,22621.440000000002,142473.0,140654.6,143961,144762.42,-0.5566924375351747
Mozambique,2013,Potatoes,766.93,21.37,1032.0,22053.84,143961.0,142780.2,135526,142539.86,-5.175287398727909
Mozambique,2009,"Rice, paddy",914.92,21.7,1032.0,22394.399999999998,2836.0,4009.6,9835,4139.52,57.910320284697505
Mozambique,2010,"Rice, paddy",1187.1,22.1,1032.0,22807.2,9835.0,4055.8,11365,8850.9,22.12142542894853
Mozambique,2011,"Rice, paddy",766.93,21.69,1032.0,22384.08,11365.0,5922.0,11366,9736.43,14.337233855358084
Mozambique,2012,"Rice, paddy",766.93,21.92,1032.0,22621.440000000002,11366.0,7649.4,5589,10436.59,-86.73447843979245
Mozambique,2013,"Rice, paddy",766.93,21.37,1032.0,22053.84,5589.0,8198.2,2824,8461.59,-199.63137393767704
Mozambique,2009,Sorghum,914.92,21.7,1032.0,22394.399999999998,3291.0,4241.8,6224,3675.91,40.939749357326484
Mozambique,2010,Sorghum,1187.1,22.1,1032.0,22807.2,6224.0,4354.0,6089,6316.57,-3.737395303005415
Mozambique,2011,Sorghum,766.93,21.69,1032.0,22384.08,6089.0,4975.8,6412,5692.17,11.226294447910167
Mozambique,2012,Sorghum,766.93,21.92,1032.0,22621.440000000002,6412.0,5266.0,4532,5836.47,-28.78353927625773
Mozambique,2013,Sorghum,766.93,21.37,1032.0,22053.84,4532.0,5309.6,3572,4462.43,-24.928051511758127
Mozambique,2009,Sweet potatoes,914.92,21.7,1032.0,22394.399999999998,86946.0,82869.0,104287,85991.66,17.543260425556394
Mozambique,2010,Sweet potatoes,1187.1,22.1,1032.0,22807.2,104287.0,89326.4,111841,106316.36,4.939726933772051
Mozambique,2011,Sweet potatoes,766.93,21.69,1032.0,22384.08,111841.0,97320.8,118660,110073.5,7.2362211360188775
Mozambique,2012,Sweet potatoes,766.93,21.92,1032.0,22621.440000000002,118660.0,104127.0,164573,121453.37,26.200913880162606
Mozambique,2013,Sweet potatoes,766.93,21.37,1032.0,22053.84,164573.0,117261.4,209796,158152.38,24.61611279528685
Mozambique,2009,Wheat,914.92,21.7,1032.0,22394.399999999998,12500.0,11711.8,12500,12220.02,2.2398399999999965
Mozambique,2010,Wheat,1187.1,22.1,1032.0,22807.2,12500.0,12037.8,13367,12084.1,9.597516271414676
Mozambique,2011,Wheat,766.93,21.69,1032.0,22384.08,13367.0,12497.0,17042,14411.13,15.437566013378717
Mozambique,2012,Wheat,766.93,21.92,1032.0,22621.440000000002,17042.0,13434.8,9958,15216.71,-52.80889736894958
Mozambique,2013,Wheat,766.93,21.37,1032.0,22053.84,9958.0,13073.4,10951,12064.72,-10.170030134234311
Namibia,2009,Maize,56.0,20.02,285.0,5705.7,20980.0,19247.2,21130,33930.93,-60.581779460482736
Namibia,2010,Maize,56.0,20.62,285.0,5876.700000000001,21130.0,21213.0,19882,38524.48,-93.7656171411327
Namibia,2011,Maize,56.0,19.26,285.0,5489.1,19882.0,20668.2,19297,42462.13,-120.04524019277608
Namibia,2012,Maize,56.0,20.11,285.0,5731.349999999999,19297.0,20317.0,18999,51968.12,-173.5308174114427
Namibia,2013,Maize,56.0,20.73,285.0,5908.05,18999.0,20057.6,18683,58590.98,-213.60584488572502
Namibia,2009,Potatoes,56.0,20.02,285.0,5705.7,131969.0,110652.8,130495,126177.63,3.3084562626920535
Namibia,2010,Potatoes,56.0,20.62,285.0,5876.700000000001,130495.0,114636.0,121175,122818.11,-1.3559810191871267
Namibia,2011,Potatoes,56.0,19.26,285.0,5489.1,121175.0,116258.0,119667,122614.67,-2.463227121930021
Namibia,2012,Potatoes,56.0,20.11,285.0,5731.349999999999,119667.0,126232.2,120805,115083.84,4.735863581805392
Namibia,2013,Potatoes,56.0,20.73,285.0,5908.05,120805.0,124822.2,120727,118468.68,1.8706006112965676
Namibia,2009,Sorghum,56.0,20.02,285.0,5705.7,4018.0,2995.4,2382,3213.54,-34.90931989924433
Namibia,2010,Sorghum,56.0,20.62,285.0,5876.700000000001,2382.0,2822.0,2901,3153.23,-8.694588073078249
Namibia,2011,Sorghum,56.0,19.26,285.0,5489.1,2901.0,2922.2,2931,3058.05,-4.334698055271245
Namibia,2012,Sorghum,56.0,20.11,285.0,5731.349999999999,2931.0,2926.2,2862,3070.34,-7.2795248078267
Namibia,2013,Sorghum,56.0,20.73,285.0,5908.05,2862.0,3018.8,2860,2558.77,10.532517482517482
Namibia,2009,Wheat,56.0,20.02,285.0,5705.7,61420.0,51789.4,67214,63339.73,5.764081887701962
Namibia,2010,Wheat,56.0,20.62,285.0,5876.700000000001,67214.0,56907.8,61022,66173.08,-8.44134902166432
Namibia,2011,Wheat,56.0,19.26,285.0,5489.1,61022.0,60061.2,61267,68075.8,-11.11332364894642
Namibia,2012,Wheat,56.0,20.11,285.0,5731.349999999999,61267.0,60453.0,61692,68669.15,-11.309651170330017
Namibia,2013,Wheat,56.0,20.73,285.0,5908.05,61692.0,62523.0,62084,67437.31,-8.622688615424261
Nepal,2009,Maize,209.52,15.91,1500.0,23865.0,21590.0,20426.2,22054,22045.29,0.03949396934796013
Nepal,2010,Maize,332.01,15.96,1500.0,23940.0,22054.0,21025.2,21186,22562.04,-6.495043896913059
Nepal,2011,Maize,342.92,15.12,1500.0,22680.0,21186.0,21224.2,22814,22618.01,0.8590777592706303
Nepal,2012,Maize,410.32,15.2,1500.0,22800.0,22814.0,21710.6,25011,24098.84,3.6470353044660344
Nepal,2013,Maize,454.53,15.79,1500.0,23685.0,25011.0,22531.0,23528,25298.04,-7.523121387283241
Nepal,2009,Potatoes,209.52,15.91,1500.0,23865.0,131100.0,124384.0,133263,127832.98,4.074664385463335
Nepal,2010,Potatoes,332.01,15.96,1500.0,23940.0,133263.0,128057.0,135841,135481.82,0.26441206999359035
Nepal,2011,Potatoes,342.92,15.12,1500.0,22680.0,135841.0,131533.6,137352,137774.86,-0.3078659211369227
Nepal,2012,Potatoes,410.32,15.2,1500.0,22800.0,137352.0,132824.8,135837,141520.04,-4.183720194056118
Nepal,2013,Potatoes,454.53,15.79,1500.0,23685.0,135837.0,134678.6,136408,139940.32,-2.589525541023992
Nepal,2009,"Rice, paddy",209.52,15.91,1500.0,23865.0,27750.0,27376.8,29074,27802.65,4.372807319254311
Nepal,2010,"Rice, paddy",332.01,15.96,1500.0,23940.0,29074.0,27477.0,27164,28603.58,-5.299587689589169
Nepal,2011,"Rice, paddy",342.92,15.12,1500.0,22680.0,27164.0,27344.8,29805,27315.31,8.35326287535648
Nepal,2012,"Rice, paddy",410.32,15.2,1500.0,22800.0,29805.0,27872.6,33120,31188.83,5.830827294685985
Nepal,2013,"Rice, paddy",454.53,15.79,1500.0,23685.0,33120.0,29382.6,31709,33677.75,-6.2088050711154565
Nepal,2009,Soybeans,209.52,15.91,1500.0,23865.0,9048.0,8908.8,9139,10350.41,-13.255388992231095
Nepal,2010,Soybeans,332.01,15.96,1500.0,23940.0,9139.0,8982.2,9206,9745.28,-5.857918748642197
Nepal,2011,Soybeans,342.92,15.12,1500.0,22680.0,9206.0,9066.2,9659,10330.84,-6.955585464333784
Nepal,2012,Soybeans,410.32,15.2,1500.0,22800.0,9659.0,9216.2,9654,9793.88,-1.4489330847317092
Nepal,2013,Soybeans,454.53,15.79,1500.0,23685.0,9654.0,9341.2,11719,9655.74,17.606109736325624
Nepal,2009,Wheat,209.52,15.91,1500.0,23865.0,22252.0,21355.4,19338,23376.53,-20.883907332712788
Nepal,2010,Wheat,332.01,15.96,1500.0,23940.0,19338.0,21048.4,21289,21950.4,-3.1067687538165316
Nepal,2011,Wheat,342.92,15.12,1500.0,22680.0,21289.0,21037.4,22747,21929.21,3.5951554051083696
Nepal,2012,Wheat,410.32,15.2,1500.0,22800.0,22747.0,21437.8,24123,22781.69,5.56029515400241
Nepal,2013,Wheat,454.53,15.79,1500.0,23685.0,24123.0,21949.8,22902,25531.94,-11.483451226967071
Netherlands,2009,Maize,9857.2,10.33,778.0,8036.74,114163.0,99639.2,129954,121031.94,6.865552426243131
Netherlands,2010,Maize,9586.03,8.84,778.0,6877.5199999999995,129954.0,108665.8,117673,137372.98,-16.741291545214292
Netherlands,2011,Maize,10953.91,10.73,778.0,8347.94,117673.0,114560.2,123355,130034.57,-5.41491629848811
Netherlands,2012,Maize,11348.39,10.08,778.0,7842.24,123355.0,120925.4,123420,136912.0,-10.931777669745586
Netherlands,2013,Maize,10720.17,9.54,778.0,7422.119999999999,123420.0,121713.0,119446,137518.75,-15.130477370527268
Netherlands,2009,Potatoes,9857.2,10.33,778.0,8036.74,455741.0,437073.6,463376,446649.07,3.609796364075825
Netherlands,2010,Potatoes,9586.03,8.84,778.0,6877.5199999999995,463376.0,438382.4,435980,429337.87,1.523494196981514
Netherlands,2011,Potatoes,10953.91,10.73,778.0,8347.94,435980.0,438693.8,460550,444417.74,3.5028248832917184
Netherlands,2012,Potatoes,11348.39,10.08,778.0,7842.24,460550.0,450706.2,451734,432107.92,4.344609881036188
Netherlands,2013,Potatoes,10720.17,9.54,778.0,7422.119999999999,451734.0,453476.2,422075,404177.3,4.2404075105135375
Netherlands,2009,Wheat,9857.2,10.33,778.0,8036.74,87295.0,83806.0,92919,81307.64,12.49621713535445
Netherlands,2010,Wheat,9586.03,8.84,778.0,6877.5199999999995,92919.0,84560.0,89092,90207.37,-1.2519305886050323
Netherlands,2011,Wheat,10953.91,10.73,778.0,8347.94,89092.0,85192.0,77812,83018.92,-6.691667095049604
Netherlands,2012,Wheat,11348.39,10.08,778.0,7842.24,77812.0,83966.4,85870,84078.27,2.086561080703384
Netherlands,2013,Wheat,10720.17,9.54,778.0,7422.119999999999,85870.0,86597.6,87412,86470.95,1.0765684345398834
New Zealand,2009,Maize,5086.0,12.84,1732.0,22238.88,112326.0,111134.8,110327,110800.64,-0.42930560968756465
New Zealand,2010,Maize,5086.0,13.54,1732.0,23451.28,110327.0,110101.0,107597,112486.54,-4.54430885619487
New Zealand,2011,Maize,5086.0,13.46,1732.0,23312.72,107597.0,109758.8,113842,119455.0,-4.930517735106551
New Zealand,2012,Maize,5086.0,12.89,1732.0,22325.48,113842.0,110618.4,108647,113705.29,-4.655710696107572
New Zealand,2013,Maize,5086.0,13.57,1732.0,23503.24,108647.0,110547.8,108209,117638.72,-8.714358325093109
New Zealand,2009,Potatoes,5086.0,12.84,1732.0,22238.88,459091.0,455276.0,478154,311434.87,34.8672456990844
New Zealand,2010,Potatoes,5086.0,13.54,1732.0,23451.28,478154.0,460654.0,495751,316770.29,36.102944825123906
New Zealand,2011,Potatoes,5086.0,13.46,1732.0,23312.72,495751.0,467638.4,490361,317202.29,35.31249630374357
New Zealand,2012,Potatoes,5086.0,12.89,1732.0,22325.48,490361.0,480193.8,484810,313215.44,35.39418741362596
New Zealand,2013,Potatoes,5086.0,13.57,1732.0,23503.24,484810.0,481633.4,482926,316461.45,34.46999126160115
New Zealand,2009,Sweet potatoes,5086.0,12.84,1732.0,22238.88,120000.0,129323.8,119691,123907.84,-3.5231053295569392
New Zealand,2010,Sweet potatoes,5086.0,13.54,1732.0,23451.28,119691.0,119928.6,117803,122138.22,-3.6800590816872245
New Zealand,2011,Sweet potatoes,5086.0,13.46,1732.0,23312.72,117803.0,119549.4,117785,123760.22,-5.072988920490726
New Zealand,2012,Sweet potatoes,5086.0,12.89,1732.0,22325.48,117785.0,119106.4,116046,124595.29,-7.367156127742441
New Zealand,2013,Sweet potatoes,5086.0,13.57,1732.0,23503.24,116046.0,118265.0,113617,122658.45,-7.95783201457528
New Zealand,2009,Wheat,5086.0,12.84,1732.0,22238.88,81120.0,76294.0,74918,75953.53,-1.382217891561439
New Zealand,2010,Wheat,5086.0,13.54,1732.0,23451.28,74918.0,78177.4,81241,86357.89,-6.298408439088638
New Zealand,2011,Wheat,5086.0,13.46,1732.0,23312.72,81241.0,78241.6,72858,76948.68,-5.61459276949682
New Zealand,2012,Wheat,5086.0,12.89,1732.0,22325.48,72858.0,79020.6,89245,88651.19,0.6653706089977004
New Zealand,2013,Wheat,5086.0,13.57,1732.0,23503.24,89245.0,79876.4,91053,81885.22,10.068619375528536
Nicaragua,2009,Cassava,9387.95,27.23,2280.0,62084.4,80701.0,87978.0,87123,84475.89,3.0383595606211915
Nicaragua,2010,Cassava,12242.19,27.01,2280.0,61582.8,87123.0,89505.6,88492,88879.75,-0.438175202278172
Nicaragua,2011,Cassava,4932.05,26.94,2280.0,61423.200000000004,88492.0,89520.8,78727,88536.86,-12.460604366989724
Nicaragua,2012,Cassava,4413.82,26.91,2280.0,61354.8,78727.0,86175.2,76993,84761.44,-10.089800371462344
Nicaragua,2013,Cassava,4413.82,27.26,2280.0,62152.8,76993.0,82407.2,78931,85064.09,-7.770191686409644
Nicaragua,2009,Maize,9387.95,27.23,2280.0,62084.4,13311.0,13892.8,15605,13837.06,11.329317526433838
Nicaragua,2010,Maize,12242.19,27.01,2280.0,61582.8,15605.0,14267.8,13393,15300.06,-14.239229448219215
Nicaragua,2011,Maize,4932.05,26.94,2280.0,61423.200000000004,13393.0,14142.2,14101,13665.11,3.091199205730086
Nicaragua,2012,Maize,4413.82,26.91,2280.0,61354.8,14101.0,14037.2,13493,14152.56,-4.888164233306155
Nicaragua,2013,Maize,4413.82,27.26,2280.0,62152.8,13493.0,13980.6,11809,13679.71,-15.841392158523151
Nicaragua,2009,Plantains and others,9387.95,27.23,2280.0,62084.4,100000.0,100199.6,98525,100926.29,-2.437239279370712
Nicaragua,2010,Plantains and others,12242.19,27.01,2280.0,61582.8,98525.0,100369.8,104461,100855.85,3.4511923110060154
Nicaragua,2011,Plantains and others,4932.05,26.94,2280.0,61423.200000000004,104461.0,101262.0,104826,105135.81,-0.29554690630186947
Nicaragua,2012,Plantains and others,4413.82,26.91,2280.0,61354.8,104826.0,102227.2,97059,104327.63,-7.488877899009886
Nicaragua,2013,Plantains and others,4413.82,27.26,2280.0,62152.8,97059.0,100974.2,110413,100795.37,8.710595672611019
Nicaragua,2009,Potatoes,9387.95,27.23,2280.0,62084.4,137500.0,136282.8,134615,139324.29,-3.498339709542033
Nicaragua,2010,Potatoes,12242.19,27.01,2280.0,61582.8,134615.0,136539.2,134615,137501.8,-2.1444861271032116
Nicaragua,2011,Potatoes,4932.05,26.94,2280.0,61423.200000000004,134615.0,136505.6,168339,137276.38,18.452420413570234
Nicaragua,2012,Potatoes,4413.82,26.91,2280.0,61354.8,168339.0,142513.8,169329,163609.26,3.377885654554146
Nicaragua,2013,Potatoes,4413.82,27.26,2280.0,62152.8,169329.0,148879.6,170847,164717.46,3.5877363957224935
Nicaragua,2009,"Rice, paddy",9387.95,27.23,2280.0,62084.4,40055.0,36827.6,45355,41817.03,7.800617352000884
Nicaragua,2010,"Rice, paddy",12242.19,27.01,2280.0,61582.8,45355.0,38878.0,51406,45232.14,12.009998832821072
Nicaragua,2011,"Rice, paddy",4932.05,26.94,2280.0,61423.200000000004,51406.0,42538.0,41177,52387.1,-27.22417854627583
Nicaragua,2012,"Rice, paddy",4413.82,26.91,2280.0,61354.8,41177.0,43495.0,37753,45320.43,-20.044579238735995
Nicaragua,2013,"Rice, paddy",4413.82,27.26,2280.0,62152.8,37753.0,43149.2,49680,41495.78,16.47387278582931
Nicaragua,2009,Sorghum,9387.95,27.23,2280.0,62084.4,17327.0,19020.2,18059,19022.18,-5.333517913505733
Nicaragua,2010,Sorghum,12242.19,27.01,2280.0,61582.8,18059.0,18558.4,16630,19086.85,-14.773601924233304
Nicaragua,2011,Sorghum,4932.05,26.94,2280.0,61423.200000000004,16630.0,18219.8,19105,18940.73,0.8598272703480786
Nicaragua,2012,Sorghum,4413.82,26.91,2280.0,61354.8,19105.0,18319.6,19866,19760.97,0.5286922379945577
Nicaragua,2013,Sorghum,4413.82,27.26,2280.0,62152.8,19866.0,18197.4,18259,19510.41,-6.853661208171312
Nicaragua,2009,Soybeans,9387.95,27.23,2280.0,62084.4,20056.0,20897.4,22908,19931.92,12.991444037017644
Nicaragua,2010,Soybeans,12242.19,27.01,2280.0,61582.8,22908.0,21227.4,22090,22073.31,0.07555454956993522
Nicaragua,2011,Soybeans,4932.05,26.94,2280.0,61423.200000000004,22090.0,21392.0,20144,20800.56,-3.259332803812556
Nicaragua,2012,Soybeans,4413.82,26.91,2280.0,61354.8,20144.0,21316.2,18285,20112.07,-9.992179382007107
Nicaragua,2013,Soybeans,4413.82,27.26,2280.0,62152.8,18285.0,20696.6,21034,19406.58,7.737092326709129
Nicaragua,2009,Yams,9387.95,27.23,2280.0,62084.4,133097.0,133008.2,133205,135384.09,-1.6358920460943633
Nicaragua,2010,Yams,12242.19,27.01,2280.0,61582.8,133205.0,133065.4,133274,133936.5,-0.4970962078124765
Nicaragua,2011,Yams,4932.05,26.94,2280.0,61423.200000000004,133274.0,133127.4,133333,133778.76,-0.3343208358020965
Nicaragua,2012,Yams,4413.82,26.91,2280.0,61354.8,133333.0,133192.4,133333,133837.66,-0.3784959462398682
Nicaragua,2013,Yams,4413.82,27.26,2280.0,62152.8,133333.0,133248.4,133333,133996.89,-0.4979187447968725
Niger,2009,Cassava,7.32,30.32,151.0,4578.32,138791.0,156164.4,159918,160136.11,-0.1363886491826974
Niger,2010,Cassava,11.49,30.32,151.0,4578.32,159918.0,154465.4,217784,163365.54,24.98735444293428
Niger,2011,Cassava,10.59,30.1,151.0,4545.1,217784.0,166128.8,107514,194043.39,-80.48197444053798
Niger,2012,Cassava,21.37,29.61,151.0,4471.11,107514.0,155114.0,160606,134871.19,16.02356699002528
Niger,2013,Cassava,21.37,30.42,151.0,4593.42,160606.0,156922.6,199719,160526.69,19.62372633550138
Niger,2009,Maize,7.32,30.32,151.0,4578.32,9589.0,9490.8,9014,11179.85,-24.02762369647216
Niger,2010,Maize,11.49,30.32,151.0,4578.32,9014.0,9791.8,7869,9807.5,-24.634642267124157
Niger,2011,Maize,10.59,30.1,151.0,4545.1,7869.0,9714.6,8405,8967.97,-6.698036882807845
Niger,2012,Maize,21.37,29.61,151.0,4471.11,8405.0,9150.2,10437,9505.66,8.923445434511834
Niger,2013,Maize,21.37,30.42,151.0,4593.42,10437.0,9062.8,12326,10189.9,17.33003407431446
Niger,2009,Potatoes,7.32,30.32,151.0,4578.32,177412.0,129403.4,172504,156957.14,9.012463479107723
Niger,2010,Potatoes,11.49,30.32,151.0,4578.32,172504.0,142995.2,170183,163418.82,3.97465081706163
Niger,2011,Potatoes,10.59,30.1,151.0,4545.1,170183.0,156570.2,161890,157964.76,2.4246340107480333
Niger,2012,Potatoes,21.37,29.61,151.0,4471.11,161890.0,165876.8,242957,149910.1,38.29768230592244
Niger,2013,Potatoes,21.37,30.42,151.0,4593.42,242957.0,184989.2,256815,229103.55,10.790432801822329
Niger,2009,"Rice, paddy",7.32,30.32,151.0,4578.32,38110.0,35977.2,43571,35238.01,19.125083197539645
Niger,2010,"Rice, paddy",11.49,30.32,151.0,4578.32,43571.0,38501.6,54407,44260.32,18.649585531273548
Niger,2011,"Rice, paddy",10.59,30.1,151.0,4545.1,54407.0,41725.0,54739,55741.11,-1.8307057125632558
Niger,2012,"Rice, paddy",21.37,29.61,151.0,4471.11,54739.0,45345.4,57490,56965.52,0.9122977909201656
Niger,2013,"Rice, paddy",21.37,30.42,151.0,4593.42,57490.0,49663.4,62834,57674.78,8.210873094184679
Niger,2009,Sorghum,7.32,30.32,151.0,4578.32,4291.0,3504.0,2903,4104.87,-41.40096451946262
Niger,2010,Sorghum,11.49,30.32,151.0,4578.32,2903.0,3580.8,3919,4220.75,-7.6996682827251846
Niger,2011,Sorghum,10.59,30.1,151.0,4545.1,3919.0,3602.2,2676,3839.44,-43.47683109118087
Niger,2012,Sorghum,21.37,29.61,151.0,4471.11,2676.0,3444.8,4422,3787.63,14.345771144278604
Niger,2013,Sorghum,21.37,30.42,151.0,4593.42,4422.0,3642.2,3703,4195.9,-13.31082905752092
Niger,2009,Sweet potatoes,7.32,30.32,151.0,4578.32,168296.0,167690.6,160230,162828.73,-1.621874804967865
Niger,2010,Sweet potatoes,11.49,30.32,151.0,4578.32,160230.0,164222.6,161324,163649.15,-1.4412920582182405
Niger,2011,Sweet potatoes,10.59,30.1,151.0,4545.1,161324.0,162119.4,151699,161772.82,-6.640663419007381
Niger,2012,Sweet potatoes,21.37,29.61,151.0,4471.11,151699.0,160283.8,200362,158045.78,21.119883011748737
Niger,2013,Sweet potatoes,21.37,30.42,151.0,4593.42,200362.0,168382.2,211608,167685.95,20.75632773808173
Niger,2009,Wheat,7.32,30.32,151.0,4578.32,18096.0,16455.4,18696,16690.75,10.725556268720581
Niger,2010,Wheat,11.49,30.32,151.0,4578.32,18696.0,16790.8,19868,19422.48,2.2423998389369864
Niger,2011,Wheat,10.59,30.1,151.0,4545.1,19868.0,17309.2,19770,20229.08,-2.3221041982802313
Niger,2012,Wheat,21.37,29.61,151.0,4471.11,19770.0,18264.8,16537,21434.09,-29.612928584386527
Niger,2013,Wheat,21.37,30.42,151.0,4593.42,16537.0,18593.4,30090,19086.55,36.56846128281821
Norway,2009,Potatoes,534.56,3.31,1414.0,4680.34,278193.0,257091.6,241836,241207.9,0.25972146413272046
Norway,2010,Potatoes,698.98,1.3,1414.0,1838.2,241836.0,249572.8,251662,252441.34,-0.30967726553869734
Norway,2011,Potatoes,823.96,4.14,1414.0,5853.959999999999,251662.0,253800.6,229141,265863.84,-16.026306946378003
Norway,2012,Potatoes,813.93,3.09,1414.0,4369.26,229141.0,245763.0,240527,253113.71,-5.2329717661634625
Norway,2013,Potatoes,761.97,3.5,1414.0,4949.0,240527.0,248271.8,251702,256070.33,-1.7355166029669955
Norway,2009,Wheat,534.56,3.31,1414.0,4680.34,48653.0,46170.6,34069,45658.31,-34.017171035251984
Norway,2010,Wheat,698.98,1.3,1414.0,1838.2,34069.0,43450.8,45975,40916.8,11.002066340402386
Norway,2011,Wheat,823.96,4.14,1414.0,5853.959999999999,45975.0,42860.8,38517,46135.05,-19.778409533452766
Norway,2012,Wheat,813.93,3.09,1414.0,4369.26,38517.0,42237.4,41011,42131.84,-2.7330228475287033
Norway,2013,Wheat,761.97,3.5,1414.0,4949.0,41011.0,41645.0,38841,46422.73,-19.519914523313002
Pakistan,2009,Maize,3957.61,24.763333333333335,494.0,12233.086666666668,34154.0,31423.6,34879,34403.16,1.3642592964247728
Pakistan,2010,Maize,2968.44,24.885555555555555,494.0,12293.464444444444,34879.0,32701.8,38052,35978.21,5.449884368758543
Pakistan,2011,Maize,1979.27,24.48,494.0,12093.12,38052.0,34343.6,39897,39643.22,0.6360879264105042
Pakistan,2012,Maize,990.09,24.20777777777778,494.0,11958.642222222223,39897.0,36249.4,39830,42830.34,-7.532864674868181
Pakistan,2013,Maize,0.92,25.242222222222225,494.0,12469.657777777778,39830.0,37362.4,42313,43679.85,-3.230331103916051
Pakistan,2009,Potatoes,3957.61,24.763333333333335,494.0,12233.086666666668,164550.0,169796.2,202848,169155.97,16.609495780091496
Pakistan,2010,Potatoes,2968.44,24.885555555555555,494.0,12293.464444444444,202848.0,175031.2,226823,188542.51,16.876811434466518
Pakistan,2011,Potatoes,1979.27,24.48,494.0,12093.12,226823.0,184236.8,219196,228862.85,-4.410139783572696
Pakistan,2012,Potatoes,990.09,24.20777777777778,494.0,11958.642222222223,219196.0,201386.6,183405,211999.52,-15.59091627818216
Pakistan,2013,Potatoes,0.92,25.242222222222225,494.0,12469.657777777778,183405.0,199364.4,218059,194548.21,10.781848031954658
Pakistan,2009,"Rice, paddy",3957.61,24.763333333333335,494.0,12233.086666666668,35199.0,32327.0,35809,36946.57,-3.1767712027702526
Pakistan,2010,"Rice, paddy",2968.44,24.885555555555555,494.0,12293.464444444444,35809.0,33506.0,30588,36056.44,-17.877729828690995
Pakistan,2011,"Rice, paddy",1979.27,24.48,494.0,12093.12,30588.0,33275.2,35939,33416.48,7.018893124460883
Pakistan,2012,"Rice, paddy",990.09,24.20777777777778,494.0,11958.642222222223,35939.0,34142.2,35966,36957.59,-2.757020519379404
Pakistan,2013,"Rice, paddy",0.92,25.242222222222225,494.0,12469.657777777778,35966.0,34700.2,37528,36910.4,1.6457045406096742
Pakistan,2009,Sorghum,3957.61,24.763333333333335,494.0,12233.086666666668,6262.0,6104.6,6204,6365.31,-2.600096711798846
Pakistan,2010,Sorghum,2968.44,24.885555555555555,494.0,12293.464444444444,6204.0,6133.0,6171,6290.09,-1.9298330902609
Pakistan,2011,Sorghum,1979.27,24.48,494.0,12093.12,6171.0,6167.6,6417,6083.58,5.195885928003741
Pakistan,2012,Sorghum,990.09,24.20777777777778,494.0,11958.642222222223,6417.0,6219.8,6203,6135.18,1.0933419313235484
Pakistan,2013,Sorghum,0.92,25.242222222222225,494.0,12469.657777777778,6203.0,6251.4,5987,5691.61,4.933856689493909
Pakistan,2009,Soybeans,3957.61,24.763333333333335,494.0,12233.086666666668,5918.0,9494.6,6078,7124.23,-17.213392563343195
Pakistan,2010,Soybeans,2968.44,24.885555555555555,494.0,12293.464444444444,6078.0,8220.2,5730,7182.17,-25.343280977312393
Pakistan,2011,Soybeans,1979.27,24.48,494.0,12093.12,5730.0,6966.2,6953,6378.43,8.263627211275704
Pakistan,2012,Soybeans,990.09,24.20777777777778,494.0,11958.642222222223,6953.0,6099.4,7901,7221.33,8.602328819136819
Pakistan,2013,Soybeans,0.92,25.242222222222225,494.0,12469.657777777778,7901.0,6516.0,7222,7047.07,2.422182220991419
Pakistan,2009,Sweet potatoes,3957.61,24.763333333333335,494.0,12233.086666666668,111477.0,114100.4,114254,158281.57,-38.5348171617624
Pakistan,2010,Sweet potatoes,2968.44,24.885555555555555,494.0,12293.464444444444,114254.0,114256.6,109417,118118.61,-7.952703875997331
Pakistan,2011,Sweet potatoes,1979.27,24.48,494.0,12093.12,109417.0,113623.2,99623,110145.75,-10.562570892263835
Pakistan,2012,Sweet potatoes,990.09,24.20777777777778,494.0,11958.642222222223,99623.0,109845.0,86553,108037.19,-24.822005014268715
Pakistan,2013,Sweet potatoes,0.92,25.242222222222225,494.0,12469.657777777778,86553.0,104264.8,88711,89532.23,-0.9257363799303311
Pakistan,2009,Wheat,3957.61,24.763333333333335,494.0,12233.086666666668,24514.0,25289.4,26568,27595.48,-3.867359229147845
Pakistan,2010,Wheat,2968.44,24.885555555555555,494.0,12293.464444444444,26568.0,25856.4,25528,26998.59,-5.760694139768098
Pakistan,2011,Wheat,1979.27,24.48,494.0,12093.12,25528.0,25790.4,28328,26904.26,5.025910759672414
Pakistan,2012,Wheat,990.09,24.20777777777778,494.0,11958.642222222223,28328.0,26418.8,27138,28768.6,-6.0085488982238875
Pakistan,2013,Wheat,0.92,25.242222222222225,494.0,12469.657777777778,27138.0,26415.2,27957,28189.63,-0.8320992953464286
Papua New Guinea,2009,Cassava,105.0,25.08,3142.0,78801.36,100000.0,100000.0,100000,101196.26,-1.1962599999999948
Papua New Guinea,2010,Cassava,105.0,25.74,3142.0,80875.08,100000.0,100000.0,99665,101188.43,-1.5285506446596027
Papua New Guinea,2011,Cassava,105.0,25.17,3142.0,79084.14,99665.0,99933.0,99179,101860.59,-2.703788100303488
Papua New Guinea,2012,Cassava,105.0,25.14,3142.0,78989.88,99179.0,99768.8,98926,101603.87,-2.70694256312799
Papua New Guinea,2013,Cassava,105.0,25.44,3142.0,79932.48000000001,98926.0,99554.0,98663,101100.84,-2.470875606863765
Papua New Guinea,2009,Maize,105.0,25.08,3142.0,78801.36,45455.0,46067.0,47718,48291.98,-1.2028584601198777
Papua New Guinea,2010,Maize,105.0,25.74,3142.0,80875.08,47718.0,46379.8,50000,48956.81,2.0863800000000046
Papua New Guinea,2011,Maize,105.0,25.17,3142.0,79084.14,50000.0,47046.4,57778,51920.88,10.137284087368899
Papua New Guinea,2012,Maize,105.0,25.14,3142.0,78989.88,57778.0,49602.0,47619,56100.6,-17.811377811377806
Papua New Guinea,2013,Maize,105.0,25.44,3142.0,79932.48000000001,47619.0,49714.0,54545,50279.57,7.820020166834723
Papua New Guinea,2009,Potatoes,105.0,25.08,3142.0,78801.36,44545.0,45149.6,47512,45306.64,4.641690520289613
Papua New Guinea,2010,Potatoes,105.0,25.74,3142.0,80875.08,47512.0,45614.2,48585,47524.58,2.182607800761548
Papua New Guinea,2011,Potatoes,105.0,25.17,3142.0,79084.14,48585.0,46331.2,50272,49479.47,1.5764839274347526
Papua New Guinea,2012,Potatoes,105.0,25.14,3142.0,78989.88,50272.0,47182.8,52632,51748.71,1.6782375740994087
Papua New Guinea,2013,Potatoes,105.0,25.44,3142.0,79932.48000000001,52632.0,48709.2,61538,61998.81,-0.7488218661639925
Papua New Guinea,2009,"Rice, paddy",105.0,25.08,3142.0,78801.36,19837.0,19551.6,19979,20538.16,-2.798738675609389
Papua New Guinea,2010,"Rice, paddy",105.0,25.74,3142.0,80875.08,19979.0,19694.2,20122,20416.8,-1.4650631149985054
Papua New Guinea,2011,"Rice, paddy",105.0,25.17,3142.0,79084.14,20122.0,19836.8,20264,20919.06,-3.232629293328076
Papua New Guinea,2012,"Rice, paddy",105.0,25.14,3142.0,78989.88,20264.0,19979.2,20407,21057.87,-3.189444798353501
Papua New Guinea,2013,"Rice, paddy",105.0,25.44,3142.0,79932.48000000001,20407.0,20121.8,20549,21065.98,-2.5158401868704052
Papua New Guinea,2009,Sorghum,105.0,25.08,3142.0,78801.36,35000.0,33189.0,38182,35009.03,8.310119951809757
Papua New Guinea,2010,Sorghum,105.0,25.74,3142.0,80875.08,38182.0,34545.8,38584,38008.82,1.4907215426083358
Papua New Guinea,2011,Sorghum,105.0,25.17,3142.0,79084.14,38584.0,35819.0,37895,38020.31,-0.33067687029950565
Papua New Guinea,2012,Sorghum,105.0,25.14,3142.0,78989.88,37895.0,36770.8,38338,37384.07,2.488210130940582
Papua New Guinea,2013,Sorghum,105.0,25.44,3142.0,79932.48000000001,38338.0,37599.8,39020,37845.98,3.0087647360327954
Papua New Guinea,2009,Sweet potatoes,105.0,25.08,3142.0,78801.36,50000.0,49989.8,49583,49528.25,0.1104209103926749
Papua New Guinea,2010,Sweet potatoes,105.0,25.74,3142.0,80875.08,49583.0,49906.4,49994,52998.93,-6.010581269752371
Papua New Guinea,2011,Sweet potatoes,105.0,25.17,3142.0,79084.14,49994.0,50002.4,50469,49219.96,2.4748657591789036
Papua New Guinea,2012,Sweet potatoes,105.0,25.14,3142.0,78989.88,50469.0,50096.2,50681,50033.67,1.2772636688305317
Papua New Guinea,2013,Sweet potatoes,105.0,25.44,3142.0,79932.48000000001,50681.0,50145.4,50887,62399.99,-22.62461925442647
Papua New Guinea,2009,Yams,105.0,25.08,3142.0,78801.36,165263.0,166395.6,165128,166211.1,-0.6559154110750484
Papua New Guinea,2010,Yams,105.0,25.74,3142.0,80875.08,165128.0,165734.6,171053,166014.06,2.9458355012773834
Papua New Guinea,2011,Yams,105.0,25.17,3142.0,79084.14,171053.0,166802.4,174359,169702.73,2.6705074013959647
Papua New Guinea,2012,Yams,105.0,25.14,3142.0,78989.88,174359.0,168674.2,172500,170868.15,0.9460000000000034
Papua New Guinea,2013,Yams,105.0,25.44,3142.0,79932.48000000001,172500.0,169660.6,175000,174621.44,0.21631999999999868
Peru,2009,Cassava,11531.33,17.4,1738.0,30241.199999999997,113363.0,111121.4,116481,115158.6,1.1352924511293638
Peru,2010,Cassava,15590.54,16.97,1738.0,29493.859999999997,116481.0,112274.2,117650,116318.76,1.131525711857208
Peru,2011,Cassava,15436.91,17.03,1738.0,29598.140000000003,117650.0,114125.8,118328,118959.42,-0.5336184166046906
Peru,2012,Cassava,18885.82,17.68,1738.0,30727.84,118328.0,115534.0,121015,119911.41,0.9119448002313735
Peru,2013,Cassava,17942.97,17.0,1738.0,29546.0,121015.0,117367.4,121025,124932.54,-3.2287048130551486
Peru,2009,Maize,11531.33,17.4,1738.0,30241.199999999997,29673.0,27639.2,30290,31684.41,-4.603532518983163
Peru,2010,Maize,15590.54,16.97,1738.0,29493.859999999997,30290.0,28350.4,30999,32025.87,-3.3125907287331815
Peru,2011,Maize,15436.91,17.03,1738.0,29598.140000000003,30999.0,29292.4,31866,32010.0,-0.4518922990020712
Peru,2012,Maize,18885.82,17.68,1738.0,30727.84,31866.0,30239.8,33084,33769.14,-2.0709104098657947
Peru,2013,Maize,17942.97,17.0,1738.0,29546.0,33084.0,31182.4,32686,37029.15,-13.287493116318918
Peru,2009,Plantains and others,11531.33,17.4,1738.0,30241.199999999997,119548.0,121084.2,119284,122105.03,-2.364969316924314
Peru,2010,Plantains and others,15590.54,16.97,1738.0,29493.859999999997,119284.0,121139.0,128578,122325.56,4.862760347804447
Peru,2011,Plantains and others,15436.91,17.03,1738.0,29598.140000000003,128578.0,122929.0,132389,123146.63,6.981222004849343
Peru,2012,Plantains and others,18885.82,17.68,1738.0,30727.84,132389.0,124781.2,137377,131574.15,4.224033135095398
Peru,2013,Plantains and others,17942.97,17.0,1738.0,29546.0,137377.0,127435.2,128177,144475.55,-12.71565881554412
Peru,2009,Potatoes,11531.33,17.4,1738.0,30241.199999999997,129138.0,125299.6,133353,126588.1,5.072926743305358
Peru,2010,Potatoes,15590.54,16.97,1738.0,29493.859999999997,133353.0,127590.0,131588,132969.77,-1.0500729549806893
Peru,2011,Potatoes,15436.91,17.03,1738.0,29598.140000000003,131588.0,128990.8,137379,125512.48,8.637797625546847
Peru,2012,Potatoes,18885.82,17.68,1738.0,30727.84,137379.0,131560.0,143316,139540.99,2.6340464428256505
Peru,2013,Potatoes,17942.97,17.0,1738.0,29546.0,143316.0,134954.8,144125,147219.15,-2.146851691240239
Peru,2009,"Rice, paddy",11531.33,17.4,1738.0,30241.199999999997,73089.0,68402.0,73926,75577.06,-2.233395557719879
Peru,2010,"Rice, paddy",15590.54,16.97,1738.0,29493.859999999997,73926.0,70307.0,72850,75920.65,-4.215030885380912
Peru,2011,"Rice, paddy",15436.91,17.03,1738.0,29598.140000000003,72850.0,71082.8,72980,76025.87,-4.1735681008495416
Peru,2012,"Rice, paddy",18885.82,17.68,1738.0,30727.84,72980.0,71932.4,77851,76413.8,1.8460906089838243
Peru,2013,"Rice, paddy",17942.97,17.0,1738.0,29546.0,77851.0,74139.2,77112,79218.18,-2.731325863678796
Peru,2009,Sorghum,11531.33,17.4,1738.0,30241.199999999997,32895.0,32680.0,38250,35141.61,8.126509803921566
Peru,2010,Sorghum,15590.54,16.97,1738.0,29493.859999999997,38250.0,34672.8,29412,38227.84,-29.973616211070297
Peru,2011,Sorghum,15436.91,17.03,1738.0,29598.140000000003,29412.0,35587.4,33571,31237.91,6.9497185070447705
Peru,2012,Sorghum,18885.82,17.68,1738.0,30727.84,33571.0,31643.8,35629,34464.41,3.2686575542395144
Peru,2013,Sorghum,17942.97,17.0,1738.0,29546.0,35629.0,33951.4,38171,35752.79,6.3352021167902315
Peru,2009,Soybeans,11531.33,17.4,1738.0,30241.199999999997,16907.0,15970.8,17214,16081.24,6.580457766933892
Peru,2010,Soybeans,15590.54,16.97,1738.0,29493.859999999997,17214.0,16150.4,17758,16113.57,9.260220745579458
Peru,2011,Soybeans,15436.91,17.03,1738.0,29598.140000000003,17758.0,16631.2,18091,16480.78,8.900668840860103
Peru,2012,Soybeans,18885.82,17.68,1738.0,30727.84,18091.0,17108.4,18212,16943.52,6.965077970568853
Peru,2013,Soybeans,17942.97,17.0,1738.0,29546.0,18212.0,17636.4,17893,17728.93,0.9169507628681591
Peru,2009,Sweet potatoes,11531.33,17.4,1738.0,30241.199999999997,156567.0,163735.8,164141,164897.95,-0.4611583943073404
Peru,2010,Sweet potatoes,15590.54,16.97,1738.0,29493.859999999997,164141.0,165100.6,167924,163393.49,2.697952645244283
Peru,2011,Sweet potatoes,15436.91,17.03,1738.0,29598.140000000003,167924.0,165986.4,180910,162998.77,9.900630147587204
Peru,2012,Sweet potatoes,18885.82,17.68,1738.0,30727.84,180910.0,166849.2,174591,162803.27,6.751625226959012
Peru,2013,Sweet potatoes,17942.97,17.0,1738.0,29546.0,174591.0,168826.6,183363,166532.64,9.178711081297745
Peru,2009,Wheat,11531.33,17.4,1738.0,30241.199999999997,13839.0,13414.6,14315,13951.92,2.536360461054837
Peru,2010,Wheat,15590.54,16.97,1738.0,29493.859999999997,14315.0,13503.2,14224,14102.49,0.8542604049493828
Peru,2011,Wheat,15436.91,17.03,1738.0,29598.140000000003,14224.0,13660.0,14719,14095.35,4.237040559820637
Peru,2012,Wheat,18885.82,17.68,1738.0,30727.84,14719.0,13931.8,14891,14820.83,0.4712242294003094
Peru,2013,Wheat,17942.97,17.0,1738.0,29546.0,14891.0,14397.6,14976,15088.21,-0.7492654914529856
Poland,2009,Maize,18493.03,8.5,600.0,5100.0,58149.0,55953.0,62262,53806.25,13.580916128617776
Poland,2010,Maize,19449.02,7.67,600.0,4602.0,62262.0,57018.4,59824,62936.38,-5.202560845145757
Poland,2011,Maize,21779.27,8.84,600.0,5304.0,59824.0,57517.4,71770,60185.42,16.1412567925317
Poland,2012,Maize,21885.99,8.48,600.0,5088.0,71770.0,63549.6,73481,95841.01,-30.429648480559596
Poland,2013,Maize,22204.46,9.32,600.0,5592.0,73481.0,65097.2,65761,95050.45,-44.53924058332446
Poland,2009,Potatoes,18493.03,8.5,600.0,5100.0,190607.0,184113.2,191018,187674.04,1.750599419949948
Poland,2010,Potatoes,19449.02,7.67,600.0,4602.0,191018.0,183063.6,210838,186589.7,11.500915394758056
Poland,2011,Potatoes,21779.27,8.84,600.0,5304.0,210838.0,189972.6,230338,182194.35,20.90130590697149
Poland,2012,Potatoes,21885.99,8.48,600.0,5088.0,230338.0,205961.4,243751,248180.15,-1.8170797248011268
Poland,2013,Potatoes,22204.46,9.32,600.0,5592.0,243751.0,213310.4,210624,250780.66,-19.06556707687633
Poland,2009,Soybeans,18493.03,8.5,600.0,5100.0,15224.0,13951.4,16457,15030.42,8.668530108768305
Poland,2010,Soybeans,19449.02,7.67,600.0,4602.0,16457.0,14041.4,13757,16403.72,-19.239078287417325
Poland,2011,Soybeans,21779.27,8.84,600.0,5304.0,13757.0,14536.0,15913,15044.65,5.456859171746373
Poland,2012,Soybeans,21885.99,8.48,600.0,5088.0,15913.0,15432.8,17076,16379.11,4.081107987819158
Poland,2009,Wheat,18493.03,8.5,600.0,5100.0,40716.0,38980.0,41725,43517.1,-4.295026962252843
Poland,2010,Wheat,19449.02,7.67,600.0,4602.0,41725.0,38762.8,44290,44904.5,-1.387446376157146
Poland,2011,Wheat,21779.27,8.84,600.0,5304.0,44290.0,39711.8,41348,45307.1,-9.575070136403207
Poland,2012,Wheat,21885.99,8.48,600.0,5088.0,41348.0,41492.0,41438,49336.53,-19.061079202664217
Poland,2013,Wheat,22204.46,9.32,600.0,5592.0,41438.0,41903.4,44367,50586.98,-14.019383776230088
Portugal,2009,Maize,13984.91,16.84,854.0,14381.36,63278.0,55849.8,66936,64832.44,3.1426437193737264
Portugal,2010,Maize,13774.18,16.5,854.0,14091.0,66936.0,57663.2,69295,63660.06,8.13181326214013
Portugal,2011,Maize,14024.98,16.91,854.0,14441.14,69295.0,62161.2,81040,67398.14,16.833489634748272
Portugal,2012,Maize,12444.24,16.24,854.0,13868.96,81040.0,67792.2,83042,79049.74,4.807519086727192
Portugal,2013,Maize,10126.8,16.77,854.0,14321.58,83042.0,72718.2,83149,80764.97,2.8671781981743605
Portugal,2009,Potatoes,13984.91,16.84,854.0,14381.36,157519.0,160696.0,164431,162047.88,1.4493130857320065
Portugal,2010,Potatoes,13774.18,16.5,854.0,14091.0,164431.0,159595.2,150341,163242.11,-8.581231999255017
Portugal,2011,Potatoes,14024.98,16.91,854.0,14441.14,150341.0,160207.0,147088,164287.72,-11.693489611661047
Portugal,2012,Potatoes,12444.24,16.24,854.0,13868.96,147088.0,157412.8,177890,158935.69,10.655073359941536
Portugal,2013,Potatoes,10126.8,16.77,854.0,14321.58,177890.0,159453.8,182243,183027.62,-0.43053505484435356
Portugal,2009,"Rice, paddy",13984.91,16.84,854.0,14381.36,57219.0,57480.6,56818,56729.58,0.15561969798303046
Portugal,2010,"Rice, paddy",13774.18,16.5,854.0,14091.0,56818.0,57138.8,58453,56647.2,3.089319624313556
Portugal,2011,"Rice, paddy",14024.98,16.91,854.0,14441.14,58453.0,57820.6,58855,57385.56,2.49671225894147
Portugal,2012,"Rice, paddy",12444.24,16.24,854.0,13868.96,58855.0,57881.4,59995,58869.88,1.8753562796899783
Portugal,2013,"Rice, paddy",10126.8,16.77,854.0,14321.58,59995.0,58268.0,59699,61349.48,-2.764669424948497
Portugal,2009,Sweet potatoes,13984.91,16.84,854.0,14381.36,79412.0,79992.0,132882,80640.53,39.31418100269412
Portugal,2010,Sweet potatoes,13774.18,16.5,854.0,14091.0,132882.0,90297.2,183175,137660.64,24.84747372730994
Portugal,2011,Sweet potatoes,14024.98,16.91,854.0,14441.14,183175.0,110476.4,253007,181286.04,28.347421217594764
Portugal,2012,Sweet potatoes,12444.24,16.24,854.0,13868.96,253007.0,145452.8,213756,241924.44,-13.17784763936451
Portugal,2013,Sweet potatoes,10126.8,16.77,854.0,14321.58,213756.0,172446.4,224367,207864.18,7.35527951971547
Portugal,2009,Wheat,13984.91,16.84,854.0,14381.36,23028.0,17554.8,17008,21324.59,-25.379762464722482
Portugal,2010,Wheat,13774.18,16.5,854.0,14091.0,17008.0,17831.4,14305,18961.5,-32.55155540020972
Portugal,2011,Wheat,14024.98,16.91,854.0,14441.14,14305.0,19363.6,12002,17882.0,-48.99183469421763
Portugal,2012,Wheat,12444.24,16.24,854.0,13868.96,12002.0,16994.6,10766,14029.96,-30.31729518855656
Portugal,2013,Wheat,10126.8,16.77,854.0,14321.58,10766.0,15421.8,17635,12447.21,29.417578678763828
Portugal,2009,Yams,13984.91,16.84,854.0,14381.36,163636.0,161541.0,163683,162668.52,0.61978336174191
Portugal,2010,Yams,13774.18,16.5,854.0,14091.0,163683.0,163276.4,165605,163740.28,1.1260046496180678
Portugal,2011,Yams,14024.98,16.91,854.0,14441.14,165605.0,165043.2,167204,162421.23,2.8604399416281847
Portugal,2012,Yams,12444.24,16.24,854.0,13868.96,167204.0,165150.6,165217,163401.39,1.0989244448210451
Portugal,2013,Yams,10126.8,16.77,854.0,14321.58,165217.0,165069.0,169492,163546.03,3.5081124772850645
Qatar,2009,Maize,68.0,28.17,74.0,2084.58,181429.0,146501.8,192857,180563.78,6.374266943901441
Qatar,2010,Maize,68.0,28.93,74.0,2140.82,192857.0,159812.4,207556,188023.32,9.410799976873708
Qatar,2011,Maize,68.0,28.23,74.0,2089.02,207556.0,176368.4,125556,179335.44,-42.83303067953742
Qatar,2012,Maize,68.0,28.54,74.0,2111.96,125556.0,177765.4,124894,148143.18,-18.615129629926173
Qatar,2013,Maize,68.0,28.68,74.0,2122.32,124894.0,166458.4,124845,146191.35,-17.098281869518207
Qatar,2009,Potatoes,68.0,28.17,74.0,2084.58,100000.0,95700.4,110000,101933.04,7.333600000000005
Qatar,2010,Potatoes,68.0,28.93,74.0,2140.82,110000.0,101700.4,92000,121694.24,-32.27634782608696
Qatar,2011,Potatoes,68.0,28.23,74.0,2089.02,92000.0,101066.6,180000,98456.17,45.30212777777778
Qatar,2012,Potatoes,68.0,28.54,74.0,2111.96,180000.0,116400.0,120000,175060.75,-45.88395833333333
Qatar,2013,Potatoes,68.0,28.68,74.0,2122.32,120000.0,120400.0,109298,146839.42,-34.347764826437825
Qatar,2009,Wheat,68.0,28.17,74.0,2084.58,30000.0,24193.0,23333,31327.33,-34.26190374148203
Qatar,2010,Wheat,68.0,28.93,74.0,2140.82,23333.0,23970.8,22500,26073.6,-15.882666666666658
Qatar,2011,Wheat,68.0,28.23,74.0,2089.02,22500.0,23804.2,23636,25941.25,-9.75313081739719
Qatar,2012,Wheat,68.0,28.54,74.0,2111.96,23636.0,24531.4,22857,26945.88,-17.88896180601129
Qatar,2013,Wheat,68.0,28.68,74.0,2122.32,22857.0,24465.2,22632,26967.92,-19.158359844468002
Romania,2009,Maize,6548.7,12.47,637.0,7943.39,32271.0,34073.6,34169,36148.88,-5.794375018291427
Romania,2010,Maize,7249.2,11.94,637.0,7605.78,34169.0,31808.0,43176,38420.61,11.013966092273483
Romania,2011,Maize,6582.9,11.26,637.0,7172.62,43176.0,32480.0,45292,37352.42,17.5297624304513
Romania,2012,Maize,6418.7,12.33,637.0,7854.21,45292.0,34387.6,21870,45381.5,-107.50571559213536
Romania,2013,Maize,6947.9,13.94,637.0,8879.779999999999,21870.0,35355.6,44941,31271.13,30.41736943993235
Romania,2009,Potatoes,6548.7,12.47,637.0,7943.39,140485.0,143226.2,153812,142464.92,7.377239747223875
Romania,2010,Potatoes,7249.2,11.94,637.0,7605.78,153812.0,140680.6,132960,149086.08,-12.128519855595659
Romania,2011,Potatoes,6582.9,11.26,637.0,7172.62,132960.0,141065.6,164154,137975.56,15.947488334125273
Romania,2012,Potatoes,6418.7,12.33,637.0,7854.21,164154.0,145524.4,107623,153480.21,-42.60911701030448
Romania,2013,Potatoes,6947.9,13.94,637.0,8879.779999999999,107623.0,139806.8,158462,133657.19,15.653475281139956
Romania,2009,"Rice, paddy",6548.7,12.47,637.0,7943.39,49326.0,39677.4,54262,45411.15,16.311322841030552
Romania,2010,"Rice, paddy",7249.2,11.94,637.0,7605.78,54262.0,42518.6,49656,52179.64,-5.082245851458031
Romania,2011,"Rice, paddy",6582.9,11.26,637.0,7172.62,49656.0,44052.0,51504,47628.23,7.525182510096297
Romania,2012,"Rice, paddy",6418.7,12.33,637.0,7854.21,51504.0,47754.2,44995,49173.93,-9.287543060340038
Romania,2013,"Rice, paddy",6947.9,13.94,637.0,8879.779999999999,44995.0,49948.6,47194,51614.63,-9.366932237148784
Romania,2009,Sorghum,6548.7,12.47,637.0,7943.39,26348.0,24116.2,23758,25505.05,-7.353523023823551
Romania,2010,Sorghum,7249.2,11.94,637.0,7605.78,23758.0,21345.6,19918,20256.07,-1.69730896676373
Romania,2011,Sorghum,6582.9,11.26,637.0,7172.62,19918.0,20271.0,31313,21588.73,31.055057005077764
Romania,2012,Sorghum,6418.7,12.33,637.0,7854.21,31313.0,22936.4,19335,29054.9,-50.27101111973107
Romania,2013,Sorghum,6947.9,13.94,637.0,8879.779999999999,19335.0,24134.4,23726,24598.9,-3.6790862345106694
Romania,2009,Soybeans,6548.7,12.47,637.0,7943.39,19633.0,20406.8,17465,17712.63,-1.4178643000286346
Romania,2010,Soybeans,7249.2,11.94,637.0,7605.78,17465.0,18580.8,23641,22433.42,5.10799035573792
Romania,2011,Soybeans,6582.9,11.26,637.0,7172.62,23641.0,18524.6,19849,20402.77,-2.789913849564212
Romania,2012,Soybeans,6418.7,12.33,637.0,7854.21,19849.0,18607.6,13388,19715.83,-47.26493875112042
Romania,2013,Soybeans,6947.9,13.94,637.0,8879.779999999999,13388.0,18795.2,22242,24252.08,-9.037316788058636
Romania,2009,Wheat,6548.7,12.47,637.0,7943.39,34222.0,28563.8,24305,34978.37,-43.91429746965646
Romania,2010,Wheat,7249.2,11.94,637.0,7605.78,24305.0,26469.8,27000,29972.44,-11.009037037037032
Romania,2011,Wheat,6582.9,11.26,637.0,7172.62,27000.0,25872.8,36650,25645.68,30.02542974079127
Romania,2012,Wheat,6418.7,12.33,637.0,7854.21,36650.0,27655.4,26593,30004.15,-12.827247771970073
Romania,2013,Wheat,6947.9,13.94,637.0,8879.779999999999,26593.0,29754.0,34786,24065.96,30.817110331742658
Rwanda,2009,Cassava,1187.6,19.84,1212.0,24046.079999999998,103117.0,69360.8,112077,101370.48,9.552825289756154
Rwanda,2010,Cassava,953.85,20.12,1212.0,24385.440000000002,112077.0,80336.6,120430,114588.32,4.850685045254499
Rwanda,2011,Cassava,181.6,19.59,1212.0,23743.079999999998,120430.0,90910.4,122765,122655.26,0.08939029853786115
Rwanda,2012,Cassava,925.52,19.79,1212.0,23985.48,122765.0,102587.8,149026,126544.17,15.085844080898635
Rwanda,2013,Cassava,1841.5,19.93,1212.0,24155.16,149026.0,121483.0,157657,154364.0,2.0887115700539782
Rwanda,2009,Maize,1187.6,19.84,1212.0,24046.079999999998,11515.0,8761.2,19503,10721.42,45.02681638722248
Rwanda,2010,Maize,953.85,20.12,1212.0,24385.440000000002,19503.0,11127.8,23416,16479.71,29.62201059104886
Rwanda,2011,Maize,181.6,19.59,1212.0,23743.079999999998,23416.0,14033.2,23529,19142.75,18.641888733052827
Rwanda,2012,Maize,925.52,19.79,1212.0,23985.48,23529.0,17032.8,22587,22673.3,-0.3820781865674913
Rwanda,2013,Maize,1841.5,19.93,1212.0,24155.16,22587.0,20110.0,22845,21700.67,5.009104836944635
Rwanda,2009,Potatoes,1187.6,19.84,1212.0,24046.079999999998,91329.0,87597.0,102216,88940.26,12.987927526023329
Rwanda,2010,Potatoes,953.85,20.12,1212.0,24385.440000000002,102216.0,91958.8,118679,106798.04,10.011004474254086
Rwanda,2011,Potatoes,181.6,19.59,1212.0,23743.079999999998,118679.0,96316.4,128118,126121.97,1.557962191105074
Rwanda,2012,Potatoes,925.52,19.79,1212.0,23985.48,128118.0,103592.0,141869,132167.42,6.838407263038428
Rwanda,2013,Potatoes,1841.5,19.93,1212.0,24155.16,141869.0,116442.2,136056,140565.23,-3.314245604750993
Rwanda,2009,"Rice, paddy",1187.6,19.84,1212.0,24046.079999999998,44432.0,42646.4,56178,44629.14,20.557620420805296
Rwanda,2010,"Rice, paddy",953.85,20.12,1212.0,24385.440000000002,56178.0,46289.2,51833,62178.01,-19.958346999016076
Rwanda,2011,"Rice, paddy",181.6,19.59,1212.0,23743.079999999998,51833.0,47721.2,55195,49690.16,9.973439623154265
Rwanda,2012,"Rice, paddy",925.52,19.79,1212.0,23985.48,55195.0,49791.6,57193,61807.39,-8.068102739845784
Rwanda,2013,"Rice, paddy",1841.5,19.93,1212.0,24155.16,57193.0,52966.2,53362,62505.19,-17.13427157902628
Rwanda,2009,Sorghum,1187.6,19.84,1212.0,24046.079999999998,10055.0,10376.2,11928,9721.4,18.499329309188468
Rwanda,2010,Sorghum,953.85,20.12,1212.0,24385.440000000002,11928.0,10935.0,12088,11193.03,7.403788881535402
Rwanda,2011,Sorghum,181.6,19.59,1212.0,23743.079999999998,12088.0,11035.4,12714,11092.79,12.751376435425508
Rwanda,2012,Sorghum,925.52,19.79,1212.0,23985.48,12714.0,11377.6,14277,11991.78,16.006303845345656
Rwanda,2013,Sorghum,1841.5,19.93,1212.0,24155.16,14277.0,12212.4,14433,14657.12,-1.5528303194069202
Rwanda,2009,Soybeans,1187.6,19.84,1212.0,24046.079999999998,8248.0,6635.8,8215,8054.66,1.951795496043824
Rwanda,2010,Soybeans,953.85,20.12,1212.0,24385.440000000002,8215.0,7284.4,7890,8607.31,-9.091381495563997
Rwanda,2011,Soybeans,181.6,19.59,1212.0,23743.079999999998,7890.0,7737.0,7800,8427.66,-8.046923076923076
Rwanda,2012,Soybeans,925.52,19.79,1212.0,23985.48,7800.0,8015.8,5862,8611.72,-46.90754008870692
Rwanda,2013,Soybeans,1841.5,19.93,1212.0,24155.16,5862.0,7603.0,6755,7797.59,-15.434344929681721
Rwanda,2009,Sweet potatoes,1187.6,19.84,1212.0,24046.079999999998,55168.0,56948.2,65099,60045.18,7.763283614187621
Rwanda,2010,Sweet potatoes,953.85,20.12,1212.0,24385.440000000002,65099.0,58828.0,74877,60856.6,18.72457496961684
Rwanda,2011,Sweet potatoes,181.6,19.59,1212.0,23743.079999999998,74877.0,61877.6,80541,72732.21,9.69542220732297
Rwanda,2012,Sweet potatoes,925.52,19.79,1212.0,23985.48,80541.0,66535.6,91903,80745.52,12.14049595769452
Rwanda,2013,Sweet potatoes,1841.5,19.93,1212.0,24155.16,91903.0,73517.6,96163,87717.73,8.782244730301679
Rwanda,2009,Wheat,1187.6,19.84,1212.0,24046.079999999998,12968.0,9499.2,17079,11006.26,35.55676561859594
Rwanda,2010,Wheat,953.85,20.12,1212.0,24385.440000000002,17079.0,11317.6,15631,14871.01,4.862068965517239
Rwanda,2011,Wheat,181.6,19.59,1212.0,23743.079999999998,15631.0,12627.2,20478,14491.56,29.23351889832992
Rwanda,2012,Wheat,925.52,19.79,1212.0,23985.48,20478.0,15020.8,21680,18106.63,16.482333948339477
Rwanda,2013,Wheat,1841.5,19.93,1212.0,24155.16,21680.0,17567.2,19924,20590.71,-3.346265810078293
Rwanda,2009,Yams,1187.6,19.84,1212.0,24046.079999999998,45817.0,47307.4,52001,47323.22,8.99555777773504
Rwanda,2010,Yams,953.85,20.12,1212.0,24385.440000000002,52001.0,48616.6,71523,48558.9,32.10729415712428
Rwanda,2011,Yams,181.6,19.59,1212.0,23743.079999999998,71523.0,53356.0,66757,68805.57,-3.068696915679265
Rwanda,2012,Yams,925.52,19.79,1212.0,23985.48,66757.0,56823.6,77498,60049.88,22.514284239593284
Rwanda,2013,Yams,1841.5,19.93,1212.0,24155.16,77498.0,62719.2,154700,74310.16,51.96499030381383
Saudi Arabia,2009,Maize,4528.51,26.805,59.0,1581.495,56427.0,49339.0,54742,57015.45,-4.153026926308861
Saudi Arabia,2010,Maize,4684.4,27.335,59.0,1612.765,54742.0,52584.6,53096,54735.76,-3.088292903420224
Saudi Arabia,2011,Maize,4840.3,26.485,59.0,1562.615,53096.0,55743.6,59958,55751.56,7.01564428433237
Saudi Arabia,2012,Maize,4996.2,26.924999999999997,59.0,1588.5749999999998,59958.0,56094.6,60135,54264.61,9.762018791053462
Saudi Arabia,2013,Maize,5412.5,27.675,59.0,1632.825,60135.0,56871.6,61024,57319.82,6.070038017829051
Saudi Arabia,2009,Potatoes,4528.51,26.805,59.0,1581.495,249332.0,246108.4,251423,243261.79,3.2460077240347904
Saudi Arabia,2010,Potatoes,4684.4,27.335,59.0,1612.765,251423.0,244275.2,260575,249083.42,4.41008538808404
Saudi Arabia,2011,Potatoes,4840.3,26.485,59.0,1562.615,260575.0,247677.2,248330,249421.34,-0.43947167076067994
Saudi Arabia,2012,Potatoes,4996.2,26.924999999999997,59.0,1588.5749999999998,248330.0,248937.0,253233,247480.72,2.271536490109898
Saudi Arabia,2013,Potatoes,5412.5,27.675,59.0,1632.825,253233.0,252578.6,256547,257772.99,-0.4778812459315411
Saudi Arabia,2009,Sorghum,4528.51,26.805,59.0,1581.495,24325.0,22827.6,26312,24064.24,8.542718151413798
Saudi Arabia,2010,Sorghum,4684.4,27.335,59.0,1612.765,26312.0,23718.4,25974,28216.19,-8.632440132440127
Saudi Arabia,2011,Sorghum,4840.3,26.485,59.0,1562.615,25974.0,24963.0,26372,28247.83,-7.1129607159108215
Saudi Arabia,2012,Sorghum,4996.2,26.924999999999997,59.0,1588.5749999999998,26372.0,25450.8,26056,28353.59,-8.817892232115444
Saudi Arabia,2013,Sorghum,5412.5,27.675,59.0,1632.825,26056.0,25807.8,26199,28897.94,-10.30169090423298
Saudi Arabia,2009,Wheat,4528.51,26.805,59.0,1581.495,60877.0,56226.8,58833,57476.5,2.3056787857154997
Saudi Arabia,2010,Wheat,4684.4,27.335,59.0,1612.765,58833.0,57380.2,61474,59195.28,3.706802876012625
Saudi Arabia,2011,Wheat,4840.3,26.485,59.0,1562.615,61474.0,58840.0,61429,59664.95,2.8716892672841867
Saudi Arabia,2012,Wheat,4996.2,26.924999999999997,59.0,1588.5749999999998,61429.0,59891.4,59254,61253.1,-3.3737806730347293
Saudi Arabia,2013,Wheat,5412.5,27.675,59.0,1632.825,59254.0,60373.4,64333,63610.09,1.123700122798569
Senegal,2009,Cassava,649.88,25.01,686.0,17156.86,81345.0,73762.6,81909,81405.67,0.614499017202019
Senegal,2010,Cassava,695.86,26.1,686.0,17904.600000000002,81909.0,76669.6,71902,83449.42,-16.059942699785818
Senegal,2011,Cassava,741.85,25.41,686.0,17431.26,71902.0,69433.4,74922,81056.94,-8.188435973412352
Senegal,2012,Cassava,787.83,25.47,686.0,17472.42,74922.0,72083.2,80283,82241.4,-2.4393707260565676
Senegal,2013,Cassava,722.53,24.7,686.0,16944.2,80283.0,78072.2,69978,82574.47,-18.00061447883621
Senegal,2009,Maize,649.88,25.01,686.0,17156.86,18351.0,19686.6,16300,20135.75,-23.532208588957054
Senegal,2010,Maize,695.86,26.1,686.0,17904.600000000002,16300.0,17507.8,15384,18284.28,-18.852574102964113
Senegal,2011,Maize,741.85,25.41,686.0,17431.26,15384.0,14992.4,11331,16368.99,-44.46200688377019
Senegal,2012,Maize,787.83,25.47,686.0,17472.42,11331.0,14474.8,15465,14064.15,9.058195926285162
Senegal,2013,Maize,722.53,24.7,686.0,16944.2,15465.0,15366.2,14428,16760.83,-16.16876906016081
Senegal,2009,Potatoes,649.88,25.01,686.0,17156.86,113000.0,159950.6,200000,147860.12,26.069940000000003
Senegal,2010,Potatoes,695.86,26.1,686.0,17904.600000000002,200000.0,169983.6,200000,160694.74,19.652630000000006
Senegal,2011,Potatoes,741.85,25.41,686.0,17431.26,200000.0,182676.4,215517,154599.86,28.265584617454774
Senegal,2012,Potatoes,787.83,25.47,686.0,17472.42,215517.0,185703.4,267857,183818.01,31.374572999772266
Senegal,2013,Potatoes,722.53,24.7,686.0,16944.2,267857.0,199274.8,225885,238431.4,-5.55433074351993
Senegal,2009,"Rice, paddy",649.88,25.01,686.0,17156.86,32572.0,26470.2,36022,30181.58,16.21348065071345
Senegal,2010,"Rice, paddy",695.86,26.1,686.0,17904.600000000002,36022.0,28723.0,41033,32945.22,19.710428191943066
Senegal,2011,"Rice, paddy",741.85,25.41,686.0,17431.26,41033.0,31221.2,37171,43143.05,-16.066422748917176
Senegal,2012,"Rice, paddy",787.83,25.47,686.0,17472.42,37171.0,34175.2,39892,37225.45,6.684422941943254
Senegal,2013,"Rice, paddy",722.53,24.7,686.0,16944.2,39892.0,37338.0,40181,41340.21,-2.884970508449265
Senegal,2009,Sorghum,649.88,25.01,686.0,17156.86,10089.0,8312.2,9357,10094.35,-7.880196644223581
Senegal,2010,Sorghum,695.86,26.1,686.0,17904.600000000002,9357.0,8632.8,9331,9094.93,2.529953917050688
Senegal,2011,Sorghum,741.85,25.41,686.0,17431.26,9331.0,8568.6,6389,9038.8,-41.474409140710584
Senegal,2012,Sorghum,787.83,25.47,686.0,17472.42,6389.0,8325.0,9602,9316.83,2.9699021037283906
Senegal,2013,Sorghum,722.53,24.7,686.0,16944.2,9602.0,8953.6,8458,11220.59,-32.662449751714355
Senegal,2009,Sweet potatoes,649.88,25.01,686.0,17156.86,250000.0,250752.0,400000,250175.36,37.456160000000004
Senegal,2010,Sweet potatoes,695.86,26.1,686.0,17904.600000000002,400000.0,280733.2,333333,370427.48,-11.128355128355123
Senegal,2011,Sweet potatoes,741.85,25.41,686.0,17431.26,333333.0,297383.6,263979,324937.61,-23.092219456850728
Senegal,2012,Sweet potatoes,787.83,25.47,686.0,17472.42,263979.0,300129.0,288175,272669.92,5.380438969376253
Senegal,2013,Sweet potatoes,722.53,24.7,686.0,16944.2,288175.0,307097.4,352871,282649.31,19.900102303674714
Slovenia,2009,Maize,1162.87,11.06,1162.0,12851.720000000001,73207.0,75700.6,78371,76781.81,2.027778132217277
Slovenia,2010,Maize,1134.37,10.0,1162.0,11620.0,78371.0,75824.8,85394,77941.75,8.726901187437058
Slovenia,2011,Maize,1121.91,11.02,1162.0,12805.24,85394.0,76327.0,86856,82537.3,4.97225292438058
Slovenia,2012,Maize,1016.08,11.12,1162.0,12921.439999999999,86856.0,79837.2,70816,82490.54,-16.485737686398544
Slovenia,2013,Maize,917.49,11.58,1162.0,13455.960000000001,70816.0,78928.8,54145,80264.58,-48.2400591005633
Slovenia,2009,Potatoes,1162.87,11.06,1162.0,12851.720000000001,226607.0,223365.0,247725,217240.9,12.30562115248764
Slovenia,2010,Potatoes,1134.37,10.0,1162.0,11620.0,247725.0,222719.8,245353,232275.0,5.330279230333438
Slovenia,2011,Potatoes,1121.91,11.02,1162.0,12805.24,245353.0,225893.2,264228,234270.68,11.337678065912774
Slovenia,2012,Potatoes,1016.08,11.12,1162.0,12921.439999999999,264228.0,242476.4,234061,253593.84,-8.345192065316304
Slovenia,2013,Potatoes,917.49,11.58,1162.0,13455.960000000001,234061.0,243594.8,187950,237465.87,-26.345235434956106
Slovenia,2009,Soybeans,1162.87,11.06,1162.0,12851.720000000001,27959.0,25446.2,29242,26591.29,9.064735654196017
Slovenia,2010,Soybeans,1134.37,10.0,1162.0,11620.0,29242.0,25499.8,26606,28062.43,-5.474066000150343
Slovenia,2011,Soybeans,1121.91,11.02,1162.0,12805.24,26606.0,26949.0,27290,27605.1,-1.1546353975815264
Slovenia,2012,Soybeans,1016.08,11.12,1162.0,12921.439999999999,27290.0,27743.2,24500,30868.17,-25.99253061224489
Slovenia,2013,Soybeans,917.49,11.58,1162.0,13455.960000000001,24500.0,27119.4,16655,30007.28,-80.16979885920144
Slovenia,2009,Wheat,1162.87,11.06,1162.0,12851.720000000001,45265.0,44226.4,39643,47625.37,-20.135635547259294
Slovenia,2010,Wheat,1134.37,10.0,1162.0,11620.0,39643.0,43087.2,48044,44994.55,6.347202564316038
Slovenia,2011,Wheat,1121.91,11.02,1162.0,12805.24,48044.0,43295.0,51770,45692.23,11.73994591462236
Slovenia,2012,Wheat,1016.08,11.12,1162.0,12921.439999999999,51770.0,45267.6,54376,52959.11,2.6057267912314246
Slovenia,2013,Wheat,917.49,11.58,1162.0,13455.960000000001,54376.0,47819.6,43528,64486.25,-48.148892666789195
South Africa,2009,Maize,26857.0,17.565,495.0,8694.675000000001,45373.0,34814.4,49640,97507.77,-96.42983481063659
South Africa,2010,Maize,26857.0,18.2675,495.0,9042.412499999999,49640.0,38681.4,46736,75556.68,-61.66698048613487
South Africa,2011,Maize,26857.0,17.6125,495.0,8718.1875,46736.0,40758.4,43671,98397.11,-125.314533672231
South Africa,2012,Maize,26857.0,18.04,495.0,8929.8,43671.0,42668.2,44905,96132.72,-114.0802137846565
South Africa,2013,Maize,26857.0,17.3175,495.0,8572.1625,44905.0,46065.0,42466,98889.15,-132.866646258183
South Africa,2009,Potatoes,26857.0,17.565,495.0,8694.675000000001,340000.0,336371.0,339378,327372.03,3.5376394462811294
South Africa,2010,Potatoes,26857.0,18.2675,495.0,9042.412499999999,339378.0,335030.4,342609,329811.89,3.7351937631527443
South Africa,2011,Potatoes,26857.0,17.6125,495.0,8718.1875,342609.0,336845.4,349826,328432.22,6.115548872868234
South Africa,2012,Potatoes,26857.0,18.04,495.0,8929.8,349826.0,340480.6,351066,334430.33,4.7386161006762215
South Africa,2013,Potatoes,26857.0,17.3175,495.0,8572.1625,351066.0,344575.8,353546,354728.79,-0.3345505252498908
South Africa,2009,"Rice, paddy",26857.0,17.565,495.0,8694.675000000001,25334.0,24745.6,25612,26973.64,-5.316414180852723
South Africa,2010,"Rice, paddy",26857.0,18.2675,495.0,9042.412499999999,25612.0,25040.2,25885,26343.89,-1.7728027815337044
South Africa,2011,"Rice, paddy",26857.0,17.6125,495.0,8718.1875,25885.0,25326.8,26151,25735.34,1.5894612060724251
South Africa,2012,"Rice, paddy",26857.0,18.04,495.0,8929.8,26151.0,25606.0,27273,27242.81,0.11069555971106476
South Africa,2013,"Rice, paddy",26857.0,17.3175,495.0,8572.1625,27273.0,26051.0,26087,34186.26,-31.047111588147363
South Africa,2009,Sorghum,26857.0,17.565,495.0,8694.675000000001,29378.0,27895.2,32339,30660.01,5.191842666749132
South Africa,2010,Sorghum,26857.0,18.2675,495.0,9042.412499999999,32339.0,28624.6,22671,29860.92,-31.714172290591495
South Africa,2011,Sorghum,26857.0,17.6125,495.0,8718.1875,22671.0,27147.2,22399,31731.22,-41.66355640876825
South Africa,2012,Sorghum,26857.0,18.04,495.0,8929.8,22399.0,26458.8,27806,31690.58,-13.970294181111997
South Africa,2013,Sorghum,26857.0,17.3175,495.0,8572.1625,27806.0,26918.6,23507,29620.0,-26.005019781341726
South Africa,2009,Soybeans,26857.0,17.565,495.0,8694.675000000001,17050.0,16068.0,21703,16853.36,22.34548219140211
South Africa,2010,Soybeans,26857.0,18.2675,495.0,9042.412499999999,21703.0,17149.4,18173,19285.43,-6.121333846915756
South Africa,2011,Soybeans,26857.0,17.6125,495.0,8718.1875,18173.0,17150.6,16986,16541.7,2.6156835040621647
South Africa,2012,Soybeans,26857.0,18.04,495.0,8929.8,16986.0,17022.8,13771,16613.87,-20.643889332655576
South Africa,2013,Soybeans,26857.0,17.3175,495.0,8572.1625,13771.0,17536.6,15189,20403.2,-34.32879057212457
South Africa,2009,Sweet potatoes,26857.0,17.565,495.0,8694.675000000001,31960.0,32774.2,30010,33997.72,-13.28797067644119
South Africa,2010,Sweet potatoes,26857.0,18.2675,495.0,9042.412499999999,30010.0,31926.6,30877,32413.57,-4.976422579913851
South Africa,2011,Sweet potatoes,26857.0,17.6125,495.0,8718.1875,30877.0,31364.0,30706,33076.49,-7.719957011658953
South Africa,2012,Sweet potatoes,26857.0,18.04,495.0,8929.8,30706.0,31239.4,30138,33987.85,-12.774072599376199
South Africa,2013,Sweet potatoes,26857.0,17.3175,495.0,8572.1625,30138.0,30738.2,29812,32202.73,-8.019354622299742
South Africa,2009,Wheat,26857.0,17.565,495.0,8694.675000000001,28476.0,26024.8,30475,28572.66,6.242296964725185
South Africa,2010,Wheat,26857.0,18.2675,495.0,9042.412499999999,30475.0,28054.8,25623,34312.1,-33.91132966475431
South Africa,2011,Wheat,26857.0,17.6125,495.0,8718.1875,25623.0,28446.4,33157,27446.04,17.223994933196607
South Africa,2012,Wheat,26857.0,18.04,495.0,8929.8,33157.0,29574.6,37476,31023.77,17.21696552460241
South Africa,2013,Wheat,26857.0,17.3175,495.0,8572.1625,37476.0,31041.4,36993,37353.21,-0.9737247587381374
Spain,2009,Maize,35199.0,16.006666666666664,636.0,10180.239999999998,99061.0,98663.0,100749,100818.12,-0.06860614001131063
Spain,2010,Maize,39043.0,15.116666666666667,636.0,9614.2,100749.0,98674.6,105553,99630.04,5.611361117163895
Spain,2011,Maize,53549.0,16.386666666666667,636.0,10421.92,105553.0,100565.4,113738,102578.76,9.811355923262239
Spain,2012,Maize,48668.0,15.83,636.0,10067.88,113738.0,103825.6,109164,121238.89,-11.061238137114799
Spain,2013,Maize,54197.0,15.713333333333333,636.0,9993.68,109164.0,105653.0,110445,105825.38,4.182733487256096
Spain,2009,Potatoes,35199.0,16.006666666666664,636.0,10180.239999999998,262166.0,276253.6,318545,278540.1,12.558633788004842
Spain,2010,Potatoes,39043.0,15.116666666666667,636.0,9614.2,318545.0,285642.8,293910,326926.99,-11.233707597563876
Spain,2011,Potatoes,53549.0,16.386666666666667,636.0,10421.92,293910.0,290456.0,307406,294214.85,4.291116634027971
Spain,2012,Potatoes,48668.0,15.83,636.0,10067.88,307406.0,294253.0,304387,315799.22,-3.7492468469415487
Spain,2013,Potatoes,54197.0,15.713333333333333,636.0,9993.68,304387.0,297282.8,309367,318071.2,-2.813551542342917
Spain,2009,"Rice, paddy",35199.0,16.006666666666664,636.0,10180.239999999998,69220.0,69924.2,76593,70385.82,8.104108730562835
Spain,2010,"Rice, paddy",39043.0,15.116666666666667,636.0,9614.2,76593.0,70839.8,75936,73070.87,3.773085229667094
Spain,2011,"Rice, paddy",53549.0,16.386666666666667,636.0,10421.92,75936.0,72193.8,75800,73514.61,3.0150263852242736
Spain,2012,"Rice, paddy",48668.0,15.83,636.0,10067.88,75800.0,73755.4,79739,75026.44,5.909981314037043
Spain,2013,"Rice, paddy",54197.0,15.713333333333333,636.0,9993.68,79739.0,75457.6,77902,78495.34,-0.7616492516238307
Spain,2009,Sorghum,35199.0,16.006666666666664,636.0,10180.239999999998,32797.0,35120.4,43472,32240.24,25.836768494663225
Spain,2010,Sorghum,39043.0,15.116666666666667,636.0,9614.2,43472.0,36943.8,51206,43092.89,15.844061242823107
Spain,2011,Sorghum,53549.0,16.386666666666667,636.0,10421.92,51206.0,40390.6,43201,47191.57,-9.237216731094188
Spain,2012,Sorghum,48668.0,15.83,636.0,10067.88,43201.0,41459.2,35584,45200.48,-27.024730215827347
Spain,2013,Sorghum,54197.0,15.713333333333333,636.0,9993.68,35584.0,41252.0,50111,36581.85,26.998363632735327
Spain,2009,Soybeans,35199.0,16.006666666666664,636.0,10180.239999999998,29801.0,26437.0,22189,28273.5,-27.421244760917574
Spain,2010,Soybeans,39043.0,15.116666666666667,636.0,9614.2,22189.0,25550.4,23655,28007.98,-18.401944620587614
Spain,2011,Soybeans,53549.0,16.386666666666667,636.0,10421.92,23655.0,25300.0,24893,28887.94,-16.048447354678018
Spain,2012,Soybeans,48668.0,15.83,636.0,10067.88,24893.0,25456.4,27713,26104.06,5.805722945909857
Spain,2013,Soybeans,54197.0,15.713333333333333,636.0,9993.68,27713.0,25650.2,28000,29024.86,-3.6602142857142876
Spain,2009,Sweet potatoes,35199.0,16.006666666666664,636.0,10180.239999999998,171052.0,167111.4,172128,167803.14,2.512583658672608
Spain,2010,Sweet potatoes,39043.0,15.116666666666667,636.0,9614.2,172128.0,168354.0,187394,169505.63,9.54586059318868
Spain,2011,Sweet potatoes,53549.0,16.386666666666667,636.0,10421.92,187394.0,173545.0,179410,190560.66,-6.215183100161643
Spain,2012,Sweet potatoes,48668.0,15.83,636.0,10067.88,179410.0,175757.2,164267,175140.33,-6.61930272057077
Spain,2013,Sweet potatoes,54197.0,15.713333333333333,636.0,9993.68,164267.0,174850.2,161919,165226.76,-2.042848584786226
Spain,2009,Wheat,35199.0,16.006666666666664,636.0,10180.239999999998,32483.0,29453.0,27103,28308.37,-4.447367450097771
Spain,2010,Wheat,39043.0,15.116666666666667,636.0,9614.2,27103.0,28348.0,30498,29046.54,4.759197324414713
Spain,2011,Wheat,53549.0,16.386666666666667,636.0,10421.92,30498.0,30906.2,34475,32769.74,4.946366932559832
Spain,2012,Wheat,48668.0,15.83,636.0,10067.88,34475.0,32050.2,23718,35519.47,-49.75744160553167
Spain,2013,Wheat,54197.0,15.713333333333333,636.0,9993.68,23718.0,29655.4,36447,29085.12,20.19886410404149
Sri Lanka,2009,Cassava,1170.36,26.67,1712.0,45659.04,100556.0,96919.8,116401,102111.22,12.276337832149208
Sri Lanka,2010,Cassava,1450.54,26.83,1712.0,45932.96,116401.0,101117.8,120631,114187.07,5.341852425993313
Sri Lanka,2011,Cassava,1290.31,26.65,1712.0,45624.799999999996,120631.0,106206.8,120967,120737.11,0.1900435656005352
Sri Lanka,2012,Cassava,1112.8,26.88,1712.0,46018.56,120967.0,111208.4,121660,121101.93,0.4587128061811664
Sri Lanka,2013,Cassava,1235.31,27.03,1712.0,46275.36,121660.0,116043.0,126527,122534.73,3.155271206936072
Sri Lanka,2009,Maize,1170.36,26.67,1712.0,45659.04,26337.0,17486.8,25515,22399.05,12.212228101116992
Sri Lanka,2010,Maize,1450.54,26.83,1712.0,45932.96,25515.0,19585.2,28061,23383.0,16.670824275685113
Sri Lanka,2011,Maize,1290.31,26.65,1712.0,45624.799999999996,28061.0,22254.8,27262,26397.83,3.169870148925238
Sri Lanka,2012,Maize,1112.8,26.88,1712.0,46018.56,27262.0,24736.6,34187,33349.66,2.4492935911311213
Sri Lanka,2013,Maize,1235.31,27.03,1712.0,46275.36,34187.0,28272.4,30868,32368.9,-4.862316962550219
Sri Lanka,2009,Plantains and others,1170.36,26.67,1712.0,45659.04,111141.0,106628.4,106511,108852.68,-2.1985334848043796
Sri Lanka,2010,Plantains and others,1450.54,26.83,1712.0,45932.96,106511.0,106493.6,109294,107530.35,1.6136750416308254
Sri Lanka,2011,Plantains and others,1290.31,26.65,1712.0,45624.799999999996,109294.0,107031.6,112892,109009.13,3.439455408709205
Sri Lanka,2012,Plantains and others,1112.8,26.88,1712.0,46018.56,112892.0,108960.0,120475,109491.04,9.117211039634784
Sri Lanka,2013,Plantains and others,1235.31,27.03,1712.0,46275.36,120475.0,112062.6,114222,119856.51,-4.932946367599932
Sri Lanka,2009,Potatoes,1170.36,26.67,1712.0,45659.04,145282.0,145645.6,149034,145737.64,2.2118174376316717
Sri Lanka,2010,Potatoes,1450.54,26.83,1712.0,45932.96,149034.0,145845.8,135234,154580.53,-14.305965955307096
Sri Lanka,2011,Potatoes,1290.31,26.65,1712.0,45624.799999999996,135234.0,144568.2,132500,136941.37,-3.3519773584905628
Sri Lanka,2012,Potatoes,1112.8,26.88,1712.0,46018.56,132500.0,141449.4,155269,134505.48,13.372611403435322
Sri Lanka,2013,Potatoes,1235.31,27.03,1712.0,46275.36,155269.0,143463.8,153210,158271.85,-3.303863977547161
Sri Lanka,2009,"Rice, paddy",1170.36,26.67,1712.0,45659.04,36800.0,36764.6,38748,37543.69,3.1080571900485126
Sri Lanka,2010,"Rice, paddy",1450.54,26.83,1712.0,45932.96,38748.0,37211.0,40558,37793.24,6.816805562404463
Sri Lanka,2011,"Rice, paddy",1290.31,26.65,1712.0,45624.799999999996,40558.0,38229.6,35699,42348.55,-18.62671223283566
Sri Lanka,2012,"Rice, paddy",1112.8,26.88,1712.0,46018.56,35699.0,38028.4,36057,38185.67,-5.903624816263134
Sri Lanka,2013,"Rice, paddy",1235.31,27.03,1712.0,46275.36,36057.0,37572.4,38897,38152.99,1.912769622335918
Sri Lanka,2009,Sorghum,1170.36,26.67,1712.0,45659.04,12353.0,9630.0,12857,11468.68,10.798164424049155
Sri Lanka,2010,Sorghum,1450.54,26.83,1712.0,45932.96,12857.0,10658.6,12500,12162.63,2.6989600000000067
Sri Lanka,2011,Sorghum,1290.31,26.65,1712.0,45624.799999999996,12500.0,11242.0,12857,12192.19,5.17080189779886
Sri Lanka,2012,Sorghum,1112.8,26.88,1712.0,46018.56,12857.0,12113.4,12857,13092.51,-1.8317647973866393
Sri Lanka,2013,Sorghum,1235.31,27.03,1712.0,46275.36,12857.0,12684.8,14227,13080.18,8.060870176425105
Sri Lanka,2009,Soybeans,1170.36,26.67,1712.0,45659.04,24048.0,17688.6,22831,22479.13,1.5411939906267749
Sri Lanka,2010,Soybeans,1450.54,26.83,1712.0,45932.96,22831.0,19347.2,16711,21123.79,-26.406498713422298
Sri Lanka,2011,Soybeans,1290.31,26.65,1712.0,45624.799999999996,16711.0,19449.2,15673,20173.0,-28.711797358514644
Sri Lanka,2012,Soybeans,1112.8,26.88,1712.0,46018.56,15673.0,19209.2,10987,18422.14,-67.67215800491489
Sri Lanka,2013,Soybeans,1235.31,27.03,1712.0,46275.36,10987.0,18050.0,16955,13993.65,17.46593925095842
Sri Lanka,2009,Sweet potatoes,1170.36,26.67,1712.0,45659.04,81252.0,68639.0,78783,85446.31,-8.457801810035157
Sri Lanka,2010,Sweet potatoes,1450.54,26.83,1712.0,45932.96,78783.0,72021.8,79014,77668.17,1.7032804313159715
Sri Lanka,2011,Sweet potatoes,1290.31,26.65,1712.0,45624.799999999996,79014.0,75383.6,81641,77749.92,4.766085667740476
Sri Lanka,2012,Sweet potatoes,1112.8,26.88,1712.0,46018.56,81641.0,79194.6,78499,84047.18,-7.067835259047878
Sri Lanka,2013,Sweet potatoes,1235.31,27.03,1712.0,46275.36,78499.0,79837.8,93002,80706.68,13.22048988193803
Sudan,2013,Maize,2469.47,28.744999999999997,1712.0,49211.439999999995,16634.0,16634.0,15997,17088.46,-6.822904294555224
Sudan,2012,Potatoes,2469.47,28.19,1712.0,48261.28,15997.0,16315.5,166663,16214.83,90.27088795953512
Sudan,2013,Potatoes,2469.47,28.744999999999997,1712.0,49211.439999999995,166663.0,66431.33333333333,166669,149918.39,10.050225296845836
Sudan,2012,"Rice, paddy",2469.47,28.19,1712.0,48261.28,166669.0,91490.75,31746,78226.82,-146.41472941472944
Sudan,2013,"Rice, paddy",2469.47,28.744999999999997,1712.0,49211.439999999995,31746.0,79541.8,33060,35215.47,-6.519872958257716
Sudan,2012,Sorghum,2469.47,28.19,1712.0,48261.28,33060.0,82827.0,5481,36389.71,-563.9246487867177
Sudan,2013,Sorghum,2469.47,28.744999999999997,1712.0,49211.439999999995,5481.0,80723.8,6390,9529.05,-49.1244131455399
Sudan,2012,Sweet potatoes,2469.47,28.19,1712.0,48261.28,6390.0,48669.2,214286,11275.91,94.73791568277909
Sudan,2013,Sweet potatoes,2469.47,28.744999999999997,1712.0,49211.439999999995,214286.0,58192.6,213626,230648.85,-7.968529111624992
Sudan,2012,Wheat,2469.47,28.19,1712.0,48261.28,213626.0,94568.6,17297,70663.47,-308.53020755044224
Sudan,2013,Wheat,2469.47,28.744999999999997,1712.0,49211.439999999995,17297.0,91416.0,19534,21306.14,-9.072079451213266
Sudan,2012,Yams,2469.47,28.19,1712.0,48261.28,19534.0,94226.6,19737,67485.11,-241.92182195875768
Sudan,2013,Yams,2469.47,28.744999999999997,1712.0,49211.439999999995,19737.0,96896.0,21053,69227.43,-228.82453807058374
Suriname,2009,Cassava,2191.37,27.45,2331.0,63985.95,251652.0,221771.8,276831,262333.96,5.236783452720244
Suriname,2010,Cassava,1286.65,27.7,2331.0,64568.7,276831.0,236162.4,252560,229737.18,9.036593284764018
Suriname,2011,Cassava,936.24,27.42,2331.0,63916.020000000004,252560.0,247150.6,228356,263111.26,-15.219770884058228
Suriname,2012,Cassava,633.92,27.4,2331.0,63869.399999999994,228356.0,252821.8,241965,263924.38,-9.075436530076667
Suriname,2013,Cassava,537.49,27.17,2331.0,63333.270000000004,241965.0,250272.8,298608,246850.99,17.332760676204256
Suriname,2009,Maize,2191.37,27.45,2331.0,63985.95,22500.0,23844.0,24000,23801.95,0.8252083333333302
Suriname,2010,Maize,1286.65,27.7,2331.0,64568.7,24000.0,23028.6,23333,24405.86,-4.598037114815928
Suriname,2011,Maize,936.24,27.42,2331.0,63916.020000000004,23333.0,24011.0,22857,26662.32,-16.648379052369076
Suriname,2012,Maize,633.92,27.4,2331.0,63869.399999999994,22857.0,23982.4,26364,25094.68,4.8145956607495055
Suriname,2013,Maize,537.49,27.17,2331.0,63333.270000000004,26364.0,23810.8,24737,30342.77,-22.661478756518576
Suriname,2009,Plantains and others,2191.37,27.45,2331.0,63985.95,282651.0,265944.2,341816,235163.34,31.20177522409718
Suriname,2010,Plantains and others,1286.65,27.7,2331.0,64568.7,341816.0,272974.0,280227,301120.03,-7.4557519439597275
Suriname,2011,Plantains and others,936.24,27.42,2331.0,63916.020000000004,280227.0,271964.4,312350,234849.33,24.812124219625424
Suriname,2012,Plantains and others,633.92,27.4,2331.0,63869.399999999994,312350.0,294339.2,309336,289022.98,6.566652442651362
Suriname,2013,Plantains and others,537.49,27.17,2331.0,63333.270000000004,309336.0,305276.0,307428,289469.29,5.841598683268935
Suriname,2009,"Rice, paddy",2191.37,27.45,2331.0,63985.95,41892.0,39460.4,42092,42303.99,-0.5036348949919176
Suriname,2010,"Rice, paddy",1286.65,27.7,2331.0,64568.7,42092.0,40759.6,42329,42750.37,-0.9954641026246843
Suriname,2011,"Rice, paddy",936.24,27.42,2331.0,63916.020000000004,42329.0,42028.6,41331,42877.86,-3.74261450243159
Suriname,2012,"Rice, paddy",633.92,27.4,2331.0,63869.399999999994,41331.0,42035.6,43622,44321.81,-1.6042593186923977
Suriname,2013,"Rice, paddy",537.49,27.17,2331.0,63333.270000000004,43622.0,42253.2,44965,43297.49,3.7084621372178406
Suriname,2009,Soybeans,2191.37,27.45,2331.0,63985.95,8571.0,9714.2,13750,10287.3,25.183272727272733
Suriname,2010,Soybeans,1286.65,27.7,2331.0,64568.7,13750.0,10464.2,14000,13776.41,1.5970714285714296
Suriname,2011,Soybeans,936.24,27.42,2331.0,63916.020000000004,14000.0,11264.2,8462,15677.16,-85.26542188607894
Suriname,2012,Soybeans,633.92,27.4,2331.0,63869.399999999994,8462.0,10956.6,10000,10364.29,-3.6429000000000085
Suriname,2013,Soybeans,537.49,27.17,2331.0,63333.270000000004,10000.0,10956.6,10000,11141.55,-11.415499999999993
Suriname,2009,Sweet potatoes,2191.37,27.45,2331.0,63985.95,191220.0,163929.2,140000,189132.06,-35.09432857142857
Suriname,2010,Sweet potatoes,1286.65,27.7,2331.0,64568.7,140000.0,166554.2,190417,167339.42,12.11949563326803
Suriname,2011,Sweet potatoes,936.24,27.42,2331.0,63916.020000000004,190417.0,174964.2,179630,186298.23,-3.7122028614374045
Suriname,2012,Sweet potatoes,633.92,27.4,2331.0,63869.399999999994,179630.0,172564.6,185926,181862.99,2.1852833923173787
Suriname,2013,Sweet potatoes,537.49,27.17,2331.0,63333.270000000004,185926.0,177438.6,169487,184151.33,-8.652185713358538
Sweden,2009,Potatoes,1935.0,7.54,624.0,4704.96,317175.0,298006.4,318212,323871.55,-1.7785470063982467
Sweden,2010,Potatoes,1982.0,6.01,624.0,3750.24,318212.0,299819.4,301218,334390.13,-11.012665245768845
Sweden,2011,Potatoes,1781.0,8.18,624.0,5104.32,301218.0,297849.0,319681,298117.85,6.745208504728158
Sweden,2012,Potatoes,1814.0,7.21,624.0,4499.04,319681.0,306583.0,325809,325844.11,-0.010776252344160546
Sweden,2013,Potatoes,1620.0,7.1,624.0,4430.4,325809.0,316419.0,337563,336037.67,0.451865281443765
Sweden,2009,Wheat,1935.0,7.54,624.0,4704.96,61087.0,60283.4,60776,69207.3,-13.872745820718709
Sweden,2010,Wheat,1982.0,6.01,624.0,3750.24,60776.0,60479.0,53966,68579.37,-27.07884594003631
Sweden,2011,Wheat,1781.0,8.18,624.0,5104.32,53966.0,58605.4,53786,58405.88,-8.589372699215405
Sweden,2012,Wheat,1814.0,7.21,624.0,4499.04,53786.0,58437.2,62379,58732.12,5.84632648808092
Sweden,2013,Wheat,1620.0,7.1,624.0,4430.4,62379.0,58398.8,57792,62851.92,-8.755398671096343
Switzerland,2009,Maize,2170.4,8.15,1537.0,12526.550000000001,97027.0,95169.8,104132,98251.31,5.647341835362811
Switzerland,2010,Maize,2059.6,7.06,1537.0,10851.22,104132.0,96767.8,84922,119920.97,-41.21307788323403
Switzerland,2011,Maize,2132.14,8.68,1537.0,13341.16,84922.0,94452.8,114447,96663.07,15.539009323092777
Switzerland,2012,Maize,2077.9,7.96,1537.0,12234.52,114447.0,100444.6,108279,119765.01,-10.607790984401403
Switzerland,2013,Maize,2098.5,7.94,1537.0,12203.78,108279.0,101761.4,100837,126536.46,-25.48614099983142
Switzerland,2009,Potatoes,2170.4,8.15,1537.0,12526.550000000001,427835.0,390855.2,465002,419118.85,9.86730164601443
Switzerland,2010,Potatoes,2059.6,7.06,1537.0,10851.22,465002.0,404860.4,386978,428546.91,-10.741931065848698
Switzerland,2011,Potatoes,2132.14,8.68,1537.0,13341.16,386978.0,404766.0,457778,389904.76,14.826671443363376
Switzerland,2012,Potatoes,2077.9,7.96,1537.0,12234.52,457778.0,430924.4,411034,422933.9,-2.89511329962972
Switzerland,2013,Potatoes,2098.5,7.94,1537.0,12203.78,411034.0,429725.4,325935,413098.75,-26.74267875496648
Switzerland,2009,Soybeans,2170.4,8.15,1537.0,12526.550000000001,29087.0,27320.4,27076,27571.6,-1.8304033092037173
Switzerland,2010,Soybeans,2059.6,7.06,1537.0,10851.22,27076.0,27046.4,28298,28691.41,-1.3902395929040916
Switzerland,2011,Soybeans,2132.14,8.68,1537.0,13341.16,28298.0,27436.0,29386,28635.04,2.555502620295376
Switzerland,2012,Soybeans,2077.9,7.96,1537.0,12234.52,29386.0,27979.8,28111,30398.51,-8.13741951549215
Switzerland,2013,Soybeans,2098.5,7.94,1537.0,12203.78,28111.0,28391.6,25252,29369.21,-16.30449073340725
Switzerland,2009,Wheat,2170.4,8.15,1537.0,12526.550000000001,60014.0,59288.0,60214,59146.55,1.7727604875942424
Switzerland,2010,Wheat,2059.6,7.06,1537.0,10851.22,60214.0,59095.4,57490,65130.34,-13.289859105931459
Switzerland,2011,Wheat,2132.14,8.68,1537.0,13341.16,57490.0,59130.2,62952,57920.53,7.992549879273099
Switzerland,2012,Wheat,2077.9,7.96,1537.0,12234.52,62952.0,60094.6,57763,63803.14,-10.45676297976213
Switzerland,2013,Wheat,2098.5,7.94,1537.0,12203.78,57763.0,59686.6,53834,57848.91,-7.457944793253341
Tajikistan,2009,Maize,258.1,8.42,691.0,5818.22,93985.0,51823.2,98893,86098.55,12.937670006977234
Tajikistan,2010,Maize,262.1,8.98,691.0,6205.18,98893.0,62239.6,120521,95137.98,21.061076492893356
Tajikistan,2011,Maize,264.6,8.45,691.0,5838.95,120521.0,78249.6,121228,130859.98,-7.945342660111522
Tajikistan,2012,Maize,264.6,7.71,691.0,5327.61,121228.0,94947.2,125670,131357.12,-4.525439643510778
Tajikistan,2013,Maize,264.6,10.1,691.0,6979.099999999999,125670.0,112059.4,124827,130217.0,-4.317976078893189
Tajikistan,2009,Potatoes,258.1,8.42,691.0,5818.22,237053.0,206632.4,231535,161476.92,30.258094888461784
Tajikistan,2010,Potatoes,262.1,8.98,691.0,6205.18,231535.0,216338.2,239308,162005.47,32.30252645126782
Tajikistan,2011,Potatoes,264.6,8.45,691.0,5838.95,239308.0,224954.4,235049,162312.09,30.945424145603685
Tajikistan,2012,Potatoes,264.6,7.71,691.0,5327.61,235049.0,232262.6,237444,170078.99,28.370904297434347
Tajikistan,2013,Potatoes,264.6,10.1,691.0,6979.099999999999,237444.0,236077.8,251396,163103.93,35.12071393339592
Tajikistan,2009,"Rice, paddy",258.1,8.42,691.0,5818.22,52616.0,36798.0,43558,46982.21,-7.861265439184534
Tajikistan,2010,"Rice, paddy",262.1,8.98,691.0,6205.18,43558.0,38228.0,51740,47744.46,7.722342481638966
Tajikistan,2011,"Rice, paddy",264.6,8.45,691.0,5838.95,51740.0,42007.2,58186,47790.24,17.866428350462314
Tajikistan,2012,"Rice, paddy",264.6,7.71,691.0,5327.61,58186.0,47361.4,62517,56468.04,9.675704208455299
Tajikistan,2013,"Rice, paddy",264.6,10.1,691.0,6979.099999999999,62517.0,53723.4,66592,58620.94,11.969996395963475
Tajikistan,2009,Sorghum,258.1,8.42,691.0,5818.22,10687.0,14233.8,8889,14147.38,-59.15603554955562
Tajikistan,2010,Sorghum,262.1,8.98,691.0,6205.18,8889.0,12454.4,17840,15587.55,12.625840807174892
Tajikistan,2011,Sorghum,264.6,8.45,691.0,5838.95,17840.0,13594.4,7981,14560.86,-82.44405462974565
Tajikistan,2012,Sorghum,264.6,7.71,691.0,5327.61,7981.0,12342.6,29444,14075.83,52.194572748267895
Tajikistan,2013,Sorghum,264.6,10.1,691.0,6979.099999999999,29444.0,14968.2,34000,22617.35,33.47838235294118
Tajikistan,2009,Soybeans,258.1,8.42,691.0,5818.22,112.0,353.2,2459,472.42,80.78812525416836
Tajikistan,2010,Soybeans,262.1,8.98,691.0,6205.18,2459.0,799.0,2156,6958.76,-222.76252319109463
Tajikistan,2011,Soybeans,264.6,8.45,691.0,5838.95,2156.0,1210.2,2688,7220.83,-168.63206845238093
Tajikistan,2012,Soybeans,264.6,7.71,691.0,5327.61,2688.0,1647.8,4000,6292.32,-57.30799999999999
Tajikistan,2013,Soybeans,264.6,10.1,691.0,6979.099999999999,4000.0,2283.0,3273,5796.24,-77.09257561869843
Tajikistan,2009,Wheat,258.1,8.42,691.0,5818.22,19866.0,20566.6,30343,22061.7,27.292291467554293
Tajikistan,2010,Wheat,262.1,8.98,691.0,6205.18,30343.0,22655.8,30159,29573.48,1.9414436818196903
Tajikistan,2011,Wheat,264.6,8.45,691.0,5838.95,30159.0,24767.0,23359,29354.58,-25.66710903720194
Tajikistan,2012,Wheat,264.6,7.71,691.0,5327.61,23359.0,25445.4,26758,34800.59,-30.056768069362423
Tajikistan,2013,Wheat,264.6,10.1,691.0,6979.099999999999,26758.0,26097.0,29735,30099.84,-1.226971582310409
Thailand,2009,Cassava,67933.0,27.79,1622.0,45075.38,212548.0,205452.6,226781,214137.48,5.575211327227585
Thailand,2010,Cassava,68986.0,28.54,1622.0,46291.88,226781.0,210253.2,185730,228849.03,-23.215974802132127
Thailand,2011,Cassava,87191.0,27.56,1622.0,44702.32,185730.0,213038.4,192995,206373.23,-6.931904971631394
Thailand,2012,Cassava,69921.0,28.48,1622.0,46194.56,192995.0,209455.4,219133,201899.6,7.8643563497966955
Thailand,2013,Cassava,8136.0,28.98,1622.0,47005.56,219133.0,207437.4,218232,217807.35,0.19458649510612291
Thailand,2009,Maize,67933.0,27.79,1622.0,45075.38,40748.0,39229.4,41780,43947.94,-5.188942077549072
Thailand,2010,Maize,68986.0,28.54,1622.0,46291.88,41780.0,39868.0,41799,47793.03,-14.34012775425249
Thailand,2011,Maize,87191.0,27.56,1622.0,44702.32,41799.0,40595.6,43297,49341.67,-13.96094417627087
Thailand,2012,Maize,69921.0,28.48,1622.0,46194.56,43297.0,41383.8,43225,50751.74,-17.412932330827065
Thailand,2013,Maize,8136.0,28.98,1622.0,47005.56,43225.0,42169.8,42242,48435.17,-14.66116661142938
Thailand,2009,Potatoes,67933.0,27.79,1622.0,45075.38,150459.0,151015.4,165948,154935.54,6.636090823631494
Thailand,2010,Potatoes,68986.0,28.54,1622.0,46291.88,165948.0,155560.2,142016,161106.7,-13.442640265885542
Thailand,2011,Potatoes,87191.0,27.56,1622.0,44702.32,142016.0,153748.2,146421,152105.58,-3.8823529411764617
Thailand,2012,Potatoes,69921.0,28.48,1622.0,46194.56,146421.0,152469.4,153378,153843.3,-0.3033681492782461
Thailand,2013,Potatoes,8136.0,28.98,1622.0,47005.56,153378.0,151644.4,150014,154268.68,-2.8361886223952384
Thailand,2009,"Rice, paddy",67933.0,27.79,1622.0,45075.38,29974.0,29757.4,29079,30499.47,-4.884865366759521
Thailand,2010,"Rice, paddy",68986.0,28.54,1622.0,46291.88,29079.0,29794.2,29921,29171.64,2.504461749273088
Thailand,2011,"Rice, paddy",87191.0,27.56,1622.0,44702.32,29921.0,29783.6,31867,30394.42,4.6210186085919664
Thailand,2012,"Rice, paddy",69921.0,28.48,1622.0,46194.56,31867.0,30256.4,31865,32784.76,-2.8864271143888343
Thailand,2013,"Rice, paddy",8136.0,28.98,1622.0,47005.56,31865.0,30541.2,31463,33495.36,-6.459523885198489
Thailand,2009,Sorghum,67933.0,27.79,1622.0,45075.38,16776.0,17288.2,18930,18177.43,3.9755414685684083
Thailand,2010,Sorghum,68986.0,28.54,1622.0,46291.88,18930.0,17720.2,19175,17909.91,6.597601043024773
Thailand,2011,Sorghum,87191.0,27.56,1622.0,44702.32,19175.0,17774.4,18436,18001.26,2.3581037101323585
Thailand,2012,Sorghum,69921.0,28.48,1622.0,46194.56,18436.0,18172.4,18814,19758.94,-5.0225364090570785
Thailand,2013,Sorghum,8136.0,28.98,1622.0,47005.56,18814.0,18426.2,19061,18510.56,2.88778133361313
Thailand,2009,Soybeans,67933.0,27.79,1622.0,45075.38,16180.0,15764.8,16694,16387.14,1.8381454414759828
Thailand,2010,Soybeans,68986.0,28.54,1622.0,46291.88,16694.0,16122.6,17695,17249.85,2.5156823961571146
Thailand,2011,Soybeans,87191.0,27.56,1622.0,44702.32,17695.0,16494.0,10841,17708.27,-63.345355594502365
Thailand,2012,Soybeans,69921.0,28.48,1622.0,46194.56,10841.0,15504.8,12897,14649.79,-13.590680003101504
Thailand,2013,Soybeans,8136.0,28.98,1622.0,47005.56,12897.0,14861.4,17308,14725.47,14.921019181881215
Thailand,2009,Wheat,67933.0,27.79,1622.0,45075.38,8256.0,7957.0,8473,8646.04,-2.0422518588457557
Thailand,2010,Wheat,68986.0,28.54,1622.0,46291.88,8473.0,8123.2,8756,9134.34,-4.320922795797169
Thailand,2011,Wheat,87191.0,27.56,1622.0,44702.32,8756.0,8311.2,9085,9755.18,-7.3767749036874
Thailand,2012,Wheat,69921.0,28.48,1622.0,46194.56,9085.0,8535.6,8696,10523.65,-21.017134314627413
Thailand,2013,Wheat,8136.0,28.98,1622.0,47005.56,8696.0,8653.2,12500,9748.55,22.011600000000005
Tunisia,2009,Potatoes,422.24,19.64,207.0,4065.48,149194.0,143952.2,144321,146691.06,-1.6422142307772243
Tunisia,2010,Potatoes,422.24,19.76,207.0,4090.32,144321.0,141824.6,155462,147022.51,5.428651374612439
Tunisia,2011,Potatoes,422.24,19.53,207.0,4042.71,155462.0,148196.2,148760,140970.54,5.236259747243877
Tunisia,2012,Potatoes,422.24,20.12,207.0,4164.84,148760.0,148631.0,150215,148629.25,1.0556535632260426
Tunisia,2013,Potatoes,422.24,20.0,207.0,4140.0,150215.0,149590.4,160417,146043.03,8.960378264149062
Tunisia,2009,Sorghum,422.24,19.64,207.0,4065.48,4691.0,4598.2,4733,4687.53,0.9607014578491496
Tunisia,2010,Sorghum,422.24,19.76,207.0,4090.32,4733.0,4644.0,4773,4317.47,9.543892729939236
Tunisia,2011,Sorghum,422.24,19.53,207.0,4042.71,4773.0,4688.4,4810,4558.35,5.231808731808725
Tunisia,2012,Sorghum,422.24,20.12,207.0,4164.84,4810.0,4730.6,5106,4700.75,7.936741088915002
Tunisia,2013,Sorghum,422.24,20.0,207.0,4140.0,5106.0,4822.6,5106,4835.16,5.30434782608696
Tunisia,2009,Wheat,422.24,19.64,207.0,4065.48,17174.0,16885.8,21038,17561.37,16.525477707006374
Tunisia,2010,Wheat,422.24,19.76,207.0,4090.32,21038.0,17766.6,18923,20621.89,-8.977910479310887
Tunisia,2011,Wheat,422.24,19.53,207.0,4042.71,18923.0,18167.6,20791,18555.86,10.750517050646911
Tunisia,2012,Wheat,422.24,20.12,207.0,4164.84,20791.0,19337.6,20203,20610.44,-2.0167301885858473
Tunisia,2013,Wheat,422.24,20.0,207.0,4140.0,20203.0,19625.8,14614,20771.3,-42.13288627343643
Turkey,2009,Maize,37651.15,15.536000000000001,593.0,9212.848,71988.0,67516.8,71878,72656.41,-1.0829600155819632
Turkey,2010,Maize,38554.69,16.592000000000002,593.0,9839.056,71878.0,70877.2,72614,74055.29,-1.984865177513969
Turkey,2011,Maize,39534.43,14.52,593.0,8610.36,72614.0,71400.0,71707,73959.9,-3.1418132120992293
Turkey,2012,Maize,42610.59,15.518,593.0,9202.174,71707.0,71313.6,73884,72778.44,1.496345622868277
Turkey,2013,Maize,39440.0,16.558,593.0,9818.894,73884.0,72414.2,89499,73352.35,18.041151297779855
Turkey,2009,Potatoes,37651.15,15.536000000000001,593.0,9212.848,282947.0,274058.4,305986,282194.25,7.775437438314172
Turkey,2010,Potatoes,38554.69,16.592000000000002,593.0,9839.056,305986.0,281594.4,323303,315097.09,2.5381484242336056
Turkey,2011,Potatoes,39534.43,14.52,593.0,8610.36,323303.0,292947.0,324041,321877.57,0.6676408232291572
Turkey,2012,Potatoes,42610.59,15.518,593.0,9202.174,324041.0,302539.8,280384,328015.74,-16.98803783382789
Turkey,2013,Potatoes,39440.0,16.558,593.0,9818.894,280384.0,303332.2,315329,297993.74,5.497515293550548
Turkey,2009,"Rice, paddy",37651.15,15.536000000000001,593.0,9212.848,75716.0,71149.4,77765,71153.39,8.502038191988683
Turkey,2010,"Rice, paddy",38554.69,16.592000000000002,593.0,9839.056,77765.0,72700.4,86899,76344.62,12.145571295411921
Turkey,2011,"Rice, paddy",39534.43,14.52,593.0,8610.36,86899.0,75947.4,90559,99984.42,-10.408043375037266
Turkey,2012,"Rice, paddy",42610.59,15.518,593.0,9202.174,90559.0,80004.6,73539,107412.07,-46.06136879750882
Turkey,2013,"Rice, paddy",39440.0,16.558,593.0,9818.894,73539.0,80895.6,81380,89451.88,-9.918751536003938
Turkey,2009,Sorghum,37651.15,15.536000000000001,593.0,9212.848,30811.0,27129.0,51316,30349.67,40.85729597006782
Turkey,2010,Sorghum,38554.69,16.592000000000002,593.0,9839.056,51316.0,32725.6,70968,46235.59,34.850087363318686
Turkey,2011,Sorghum,39534.43,14.52,593.0,8610.36,70968.0,42268.0,69231,53931.15,22.09970966763444
Turkey,2012,Sorghum,42610.59,15.518,593.0,9202.174,69231.0,50909.6,76000,51908.33,31.69956578947368
Turkey,2013,Sorghum,39440.0,16.558,593.0,9818.894,76000.0,59665.2,26544,56150.2,-111.53631705846894
Turkey,2009,Soybeans,37651.15,15.536000000000001,593.0,9212.848,36490.0,36192.6,36570,35665.44,2.4735028712059
Turkey,2010,Soybeans,38554.69,16.592000000000002,593.0,9839.056,36570.0,36363.8,36869,35715.49,3.1286717838834845
Turkey,2011,Soybeans,39534.43,14.52,593.0,8610.36,36869.0,36993.4,38704,38095.32,1.572653989251758
Turkey,2012,Soybeans,42610.59,15.518,593.0,9202.174,38704.0,36796.6,36394,37174.37,-2.1442270703962265
Turkey,2013,Soybeans,39440.0,16.558,593.0,9818.894,36394.0,37005.4,41609,35786.65,13.993006320747911
Turkey,2009,Wheat,37651.15,15.536000000000001,593.0,9212.848,23451.0,22937.6,25667,24044.0,6.323294502668797
Turkey,2010,Wheat,38554.69,16.592000000000002,593.0,9839.056,25667.0,23539.4,24400,25563.24,-4.767377049180334
Turkey,2011,Wheat,39534.43,14.52,593.0,8610.36,24400.0,23757.6,27038,25028.27,7.432983208817219
Turkey,2012,Wheat,42610.59,15.518,593.0,9202.174,27038.0,24446.2,26723,27905.52,-4.425101972083975
Turkey,2013,Wheat,39440.0,16.558,593.0,9818.894,26723.0,25455.8,28451,27585.4,3.042423816386062
Uganda,2009,Cassava,88.0,24.18,1180.0,28532.4,72252.0,122055.6,71829,88640.55,-23.404961784237567
Uganda,2010,Cassava,88.0,24.14,1180.0,28485.2,71829.0,109394.4,61120,91719.68,-50.06492146596857
Uganda,2011,Cassava,88.0,23.89,1180.0,28190.2,61120.0,92801.8,48728,68494.15,-40.564254637990466
Uganda,2012,Cassava,88.0,24.03,1180.0,28355.4,48728.0,76552.6,32973,55898.32,-69.52755284626816
Uganda,2013,Cassava,88.0,24.13,1180.0,28473.399999999998,32973.0,57380.4,35006,37903.37,-8.276781123236024
Uganda,2009,Maize,88.0,24.18,1180.0,28532.4,22005.0,16515.0,24996,18945.58,24.205552888462147
Uganda,2010,Maize,88.0,24.14,1180.0,28485.2,24996.0,18634.2,22999,23816.42,-3.5541545284577514
Uganda,2011,Maize,88.0,23.89,1180.0,28190.2,22999.0,20062.2,23999,22737.48,5.256552356348183
Uganda,2012,Maize,88.0,24.03,1180.0,28355.4,23999.0,21789.8,24996,24311.83,2.7371179388702123
Uganda,2013,Maize,88.0,24.13,1180.0,28473.399999999998,24996.0,23799.0,24949,24599.68,1.4001362780071334
Uganda,2009,Plantains and others,88.0,24.18,1180.0,28532.4,46017.0,53403.6,48004,48166.05,-0.3375760353303952
Uganda,2010,Plantains and others,88.0,24.14,1180.0,28485.2,48004.0,51404.4,48000,51790.93,-7.897770833333334
Uganda,2011,Plantains and others,88.0,23.89,1180.0,28190.2,48000.0,50204.4,48000,52529.1,-9.435624999999998
Uganda,2012,Plantains and others,88.0,24.03,1180.0,28355.4,48000.0,49006.6,45999,48782.69,-6.05163155720777
Uganda,2013,Plantains and others,88.0,24.13,1180.0,28473.399999999998,45999.0,47204.0,45000,45075.76,-0.1683555555555601
Uganda,2009,Potatoes,88.0,24.18,1180.0,28532.4,47419.0,64829.6,46286,52255.78,-12.897593224733178
Uganda,2010,Potatoes,88.0,24.14,1180.0,28485.2,46286.0,60279.6,47714,47429.07,0.5971622584566381
Uganda,2011,Potatoes,88.0,23.89,1180.0,28190.2,47714.0,56217.8,49920,50193.76,-0.5483974358974399
Uganda,2012,Potatoes,88.0,24.03,1180.0,28355.4,49920.0,52246.2,49440,52322.48,-5.830258899676382
Uganda,2013,Potatoes,88.0,24.13,1180.0,28473.399999999998,49440.0,48155.8,45013,52000.56,-15.523426565658804
Uganda,2009,"Rice, paddy",88.0,24.18,1180.0,28532.4,13895.0,13829.4,23926,14157.86,40.82646493354509
Uganda,2010,"Rice, paddy",88.0,24.14,1180.0,28485.2,23926.0,16012.4,25070,22051.62,12.039808536098926
Uganda,2011,"Rice, paddy",88.0,23.89,1180.0,28190.2,25070.0,18026.4,25889,23943.23,7.515817528680135
Uganda,2012,"Rice, paddy",88.0,24.03,1180.0,28355.4,25889.0,20478.6,23043,25120.16,-9.01427765481925
Uganda,2013,"Rice, paddy",88.0,24.13,1180.0,28473.399999999998,23043.0,22364.6,23011,23716.01,-3.0637955760288484
Uganda,2009,Sorghum,88.0,24.18,1180.0,28532.4,10663.0,13758.8,11009,11899.86,-8.092106458352262
Uganda,2010,Sorghum,88.0,24.14,1180.0,28485.2,11009.0,13160.6,11008,11932.91,-8.402162063953487
Uganda,2011,Sorghum,88.0,23.89,1180.0,28190.2,11008.0,12307.8,12005,12145.91,-1.1737609329446053
Uganda,2012,Sorghum,88.0,24.03,1180.0,28355.4,12005.0,11851.6,9008,11311.49,-25.571603019538188
Uganda,2013,Sorghum,88.0,24.13,1180.0,28473.399999999998,9008.0,10738.6,8016,9195.01,-14.708208582834335
Uganda,2009,Soybeans,88.0,24.18,1180.0,28532.4,7097.0,10616.6,6000,7809.48,-30.15799999999999
Uganda,2010,Soybeans,88.0,24.14,1180.0,28485.2,6000.0,9622.2,6000,7252.66,-20.877666666666663
Uganda,2011,Soybeans,88.0,23.89,1180.0,28190.2,6000.0,8627.8,7000,7077.16,-1.1022857142857123
Uganda,2012,Soybeans,88.0,24.03,1180.0,28355.4,7000.0,7614.0,5001,7593.05,-51.83063387322536
Uganda,2013,Soybeans,88.0,24.13,1180.0,28473.399999999998,5001.0,6219.6,5000,5593.86,-11.877199999999993
Uganda,2009,Sweet potatoes,88.0,24.18,1180.0,28532.4,42014.0,44216.4,41965,43762.85,-4.284165375908492
Uganda,2010,Sweet potatoes,88.0,24.14,1180.0,28485.2,41965.0,43805.4,44955,43179.86,3.9487042598153694
Uganda,2011,Sweet potatoes,88.0,23.89,1180.0,28190.2,44955.0,43969.2,40000,44480.3,-11.200750000000008
Uganda,2012,Sweet potatoes,88.0,24.03,1180.0,28355.4,40000.0,42969.2,40978,45572.14,-11.211235296988626
Uganda,2013,Sweet potatoes,88.0,24.13,1180.0,28473.399999999998,40978.0,41982.4,40059,45100.85,-12.586060560673005
Uganda,2009,Wheat,88.0,24.18,1180.0,28532.4,17273.0,17176.0,16667,17202.03,-3.2101157976840393
Uganda,2010,Wheat,88.0,24.14,1180.0,28485.2,16667.0,17176.0,16667,17465.06,-4.788264234715314
Uganda,2011,Wheat,88.0,23.89,1180.0,28190.2,16667.0,17176.0,17692,17666.19,0.14588514582863052
Uganda,2012,Wheat,88.0,24.03,1180.0,28355.4,17692.0,17114.4,14286,17125.68,-19.877362452750948
Uganda,2013,Wheat,88.0,24.13,1180.0,28473.399999999998,14286.0,16517.0,14286,15358.29,-7.5058798824023585
Ukraine,2009,Maize,36444.7,8.82,565.0,4983.3,46911.0,41001.4,50195,47210.99,5.944835142942528
Ukraine,2010,Maize,62534.6,8.97,565.0,5068.05,50195.0,43328.8,45147,47079.88,-4.2813032981150405
Ukraine,2011,Maize,79491.7,8.48,565.0,4791.2,45147.0,43721.2,64446,51494.9,20.096049405703997
Ukraine,2012,Maize,90814.8,8.56,565.0,4836.400000000001,64446.0,49140.0,47946,80062.84,-66.9854419555333
Ukraine,2013,Maize,86781.8,10.33,565.0,5836.45,47946.0,50929.0,64119,53351.33,16.79325940828771
Ukraine,2009,Potatoes,36444.7,8.82,565.0,4983.3,138728.0,133028.0,139298,147486.22,-5.878203563583111
Ukraine,2010,Potatoes,62534.6,8.97,565.0,5068.05,139298.0,134210.4,132481,150533.49,-13.626474739773997
Ukraine,2011,Potatoes,79491.7,8.48,565.0,4791.2,132481.0,135029.0,168039,139628.43,16.90712870226555
Ukraine,2012,Potatoes,90814.8,8.56,565.0,4836.400000000001,168039.0,141997.0,161001,150938.97,6.249669256712691
Ukraine,2013,Potatoes,86781.8,10.33,565.0,5836.45,161001.0,147909.4,159664,149033.43,6.658088235294122
Ukraine,2009,"Rice, paddy",36444.7,8.82,565.0,4983.3,50859.0,45862.6,58327,49798.94,14.621118864333837
Ukraine,2010,"Rice, paddy",62534.6,8.97,565.0,5068.05,58327.0,49978.8,50512,29913.06,40.780289832119095
Ukraine,2011,"Rice, paddy",79491.7,8.48,565.0,4791.2,50512.0,51389.6,57399,53131.03,7.435617345249919
Ukraine,2012,"Rice, paddy",90814.8,8.56,565.0,4836.400000000001,57399.0,53656.4,61938,30767.93,50.3246310826956
Ukraine,2013,"Rice, paddy",86781.8,10.33,565.0,5836.45,61938.0,55807.0,59938,40483.27,32.45809002636057
Ukraine,2009,Sorghum,36444.7,8.82,565.0,4983.3,20660.0,19877.6,21276,26939.91,-26.62112239142696
Ukraine,2010,Sorghum,62534.6,8.97,565.0,5068.05,21276.0,20481.2,21394,26136.57,-22.167757315135084
Ukraine,2011,Sorghum,79491.7,8.48,565.0,4791.2,21394.0,19396.8,26372,25372.34,3.790611254360685
Ukraine,2012,Sorghum,90814.8,8.56,565.0,4836.400000000001,26372.0,20953.8,15230,20472.02,-34.41904136572555
Ukraine,2013,Sorghum,86781.8,10.33,565.0,5836.45,15230.0,20986.4,27409,22591.35,17.576890802291224
Ukraine,2009,Soybeans,36444.7,8.82,565.0,4983.3,15111.0,13730.0,16763,15365.16,8.338841496152241
Ukraine,2010,Soybeans,62534.6,8.97,565.0,5068.05,16763.0,14247.6,16207,17552.13,-8.299685321157531
Ukraine,2011,Soybeans,79491.7,8.48,565.0,4791.2,16207.0,14583.6,20394,16728.74,17.972246739237022
Ukraine,2012,Soybeans,90814.8,8.56,565.0,4836.400000000001,20394.0,16173.4,17065,21719.11,-27.2728391444477
Ukraine,2013,Soybeans,86781.8,10.33,565.0,5836.45,17065.0,17108.0,20535,18982.04,7.562503043584121
Ukraine,2009,Wheat,36444.7,8.82,565.0,4983.3,36698.0,29108.8,30930,35577.98,-15.027416747494351
Ukraine,2010,Wheat,62534.6,8.97,565.0,5068.05,30930.0,28962.6,26816,33193.46,-23.782294152744626
Ukraine,2011,Wheat,79491.7,8.48,565.0,4791.2,26816.0,28634.4,33533,27745.75,17.25837234962574
Ukraine,2012,Wheat,90814.8,8.56,565.0,4836.400000000001,33533.0,30279.4,27999,33008.87,-17.893031893996223
Ukraine,2013,Wheat,86781.8,10.33,565.0,5836.45,27999.0,31195.2,33931,31062.91,8.452712858448027
United Kingdom,2009,Potatoes,21324.22,9.709999999999999,1220.0,11846.199999999999,416597.0,418868.8,444167,409874.46,7.720641110213046
United Kingdom,2010,Potatoes,16770.87,8.562000000000001,1220.0,10445.640000000001,444167.0,422746.0,438841,414757.31,5.488021857574839
United Kingdom,2011,Potatoes,16401.66,10.244,1220.0,12497.68,438841.0,423483.6,432192,422222.66,2.306692395972166
United Kingdom,2012,Potatoes,17718.64,9.290000000000001,1220.0,11333.800000000001,432192.0,426744.6,305570,411472.23,-34.65727329253526
United Kingdom,2013,Potatoes,17673.46,9.24,1220.0,11272.800000000001,305570.0,407473.4,408993,336279.33,17.778707704043832
United Kingdom,2009,Wheat,21324.22,9.709999999999999,1220.0,11846.199999999999,82814.0,78556.4,79284,79960.83,-0.8536779173603775
United Kingdom,2010,Wheat,16770.87,8.562000000000001,1220.0,10445.640000000001,79284.0,78862.4,76746,79444.52,-3.5161702238553203
United Kingdom,2011,Wheat,16401.66,10.244,1220.0,12497.68,76746.0,78289.8,77471,80552.66,-3.9778239599333993
United Kingdom,2012,Wheat,17718.64,9.290000000000001,1220.0,11333.800000000001,77471.0,77711.8,66571,80170.44,-20.42847486142615
United Kingdom,2013,Wheat,17673.46,9.24,1220.0,11272.800000000001,66571.0,76577.2,73838,77906.86,-5.51052303691866
Uruguay,2009,Maize,13475.41,16.96,1300.0,22048.0,41526.0,46392.6,30834,50125.89,-62.566939093208795
Uruguay,2010,Maize,14981.18,17.11,1300.0,22243.0,30834.0,42631.4,55115,33804.26,38.66595300734827
Uruguay,2011,Maize,17517.76,16.9,1300.0,21969.999999999996,55115.0,45370.6,35377,53095.7,-50.08536619837747
Uruguay,2012,Maize,23506.4,17.53,1300.0,22789.0,35377.0,44078.6,42615,38948.06,8.604810512730266
Uruguay,2013,Maize,19028.6,15.92,1300.0,20696.0,42615.0,41093.4,56309,46925.25,16.664742758706424
Uruguay,2009,Potatoes,13475.41,16.96,1300.0,22048.0,169299.0,168116.0,161006,167463.55,-4.010751152130969
Uruguay,2010,Potatoes,14981.18,17.11,1300.0,22243.0,161006.0,168336.2,200915,170499.18,15.13865067317025
Uruguay,2011,Potatoes,17517.76,16.9,1300.0,21969.999999999996,200915.0,170653.2,177610,202744.37,-14.15143854512696
Uruguay,2012,Potatoes,23506.4,17.53,1300.0,22789.0,177610.0,171636.6,219891,177848.39,19.119750239891577
Uruguay,2013,Potatoes,19028.6,15.92,1300.0,20696.0,219891.0,185744.2,224434,213245.07,4.985398825489896
Uruguay,2009,"Rice, paddy",13475.41,16.96,1300.0,22048.0,78989.0,72879.0,80100,74821.62,6.5897378277153615
Uruguay,2010,"Rice, paddy",14981.18,17.11,1300.0,22243.0,80100.0,75356.6,70954,78693.44,-10.907686670237059
Uruguay,2011,"Rice, paddy",17517.76,16.9,1300.0,21969.999999999996,70954.0,76346.4,83827,79933.37,4.6448399680294
Uruguay,2012,"Rice, paddy",23506.4,17.53,1300.0,22789.0,83827.0,78533.2,78513,81636.06,-3.9777616445684125
Uruguay,2013,"Rice, paddy",19028.6,15.92,1300.0,20696.0,78513.0,78476.6,78812,80076.38,-1.6042988377404515
Uruguay,2009,Sorghum,13475.41,16.96,1300.0,22048.0,40106.0,40048.4,47606,49603.26,-4.19539553837752
Uruguay,2010,Sorghum,14981.18,17.11,1300.0,22243.0,47606.0,41817.6,39093,44534.54,-13.91947407464252
Uruguay,2011,Sorghum,17517.76,16.9,1300.0,21969.999999999996,39093.0,40720.4,39299,43699.9,-11.19850377872211
Uruguay,2012,Sorghum,23506.4,17.53,1300.0,22789.0,39299.0,40820.8,42273,43779.35,-3.563385612565937
Uruguay,2013,Sorghum,19028.6,15.92,1300.0,20696.0,42273.0,41675.4,42653,48413.78,-13.506154315054038
Uruguay,2009,Soybeans,13475.41,16.96,1300.0,22048.0,16733.0,18901.8,17802,20363.13,-14.386754297269974
Uruguay,2010,Soybeans,14981.18,17.11,1300.0,22243.0,17802.0,19409.6,21124,19915.74,5.7198447263775725
Uruguay,2011,Soybeans,17517.76,16.9,1300.0,21969.999999999996,21124.0,19958.2,17875,19191.01,-7.3622937062936975
Uruguay,2012,Soybeans,23506.4,17.53,1300.0,22789.0,17875.0,19153.4,23902,21095.86,11.74018910551418
Uruguay,2013,Soybeans,19028.6,15.92,1300.0,20696.0,23902.0,19487.2,26333,19181.62,27.157483006114003
Uruguay,2009,Sweet potatoes,13475.41,16.96,1300.0,22048.0,93421.0,92768.2,94737,94827.19,-0.09520039688822987
Uruguay,2010,Sweet potatoes,14981.18,17.11,1300.0,22243.0,94737.0,93533.8,94156,95997.33,-1.9556162113938589
Uruguay,2011,Sweet potatoes,17517.76,16.9,1300.0,21969.999999999996,94156.0,93507.8,94872,94983.05,-0.11705244961632821
Uruguay,2012,Sweet potatoes,23506.4,17.53,1300.0,22789.0,94872.0,94103.8,94375,96794.96,-2.564196026490073
Uruguay,2013,Sweet potatoes,19028.6,15.92,1300.0,20696.0,94375.0,94312.2,93902,94795.53,-0.9515558774041009
Uruguay,2009,Wheat,13475.41,16.96,1300.0,22048.0,28560.0,29574.0,33583,30294.53,9.792067415061195
Uruguay,2010,Wheat,14981.18,17.11,1300.0,22243.0,33583.0,30349.8,32196,36797.8,-14.293079885700097
Uruguay,2011,Wheat,17517.76,16.9,1300.0,21969.999999999996,32196.0,30872.4,33979,35070.27,-3.2116012831454626
Uruguay,2012,Wheat,23506.4,17.53,1300.0,22789.0,33979.0,31347.6,21822,36659.96,-67.99541746860966
Uruguay,2013,Wheat,19028.6,15.92,1300.0,20696.0,21822.0,30028.0,33177,28966.71,12.690387919341713
Zambia,2009,Cassava,1670.0,20.76,1020.0,21175.2,57834.0,58067.0,58043,57042.0,1.7245834984408113
Zambia,2010,Cassava,1670.0,21.34,1020.0,21766.8,58043.0,58075.6,57968,58536.23,-0.9802477228815955
Zambia,2011,Cassava,1670.0,20.88,1020.0,21297.6,57968.0,57935.8,57754,57440.35,0.5430792672369038
Zambia,2012,Cassava,1670.0,20.8,1020.0,21216.0,57754.0,57903.2,58188,57615.24,0.9843266652918162
Zambia,2013,Cassava,1670.0,20.14,1020.0,20542.8,58188.0,57957.4,58248,59078.72,-1.4261777228402712
Zambia,2009,Maize,1670.0,20.76,1020.0,21175.2,22442.0,20521.8,20692,21069.19,-1.8228784071138542
Zambia,2010,Maize,1670.0,21.34,1020.0,21766.8,20692.0,20812.4,25871,21600.81,16.505701364462134
Zambia,2011,Maize,1670.0,20.88,1020.0,21297.6,25871.0,22267.8,27414,24701.61,9.894178157145982
Zambia,2012,Maize,1670.0,20.8,1020.0,21216.0,27414.0,23952.2,26545,26429.63,0.43462045582971925
Zambia,2013,Maize,1670.0,20.14,1020.0,20542.8,26545.0,24592.8,25382,26041.11,-2.596761484516589
Zambia,2009,Potatoes,1670.0,20.76,1020.0,21175.2,101051.0,128937.4,172628,124752.12,27.73355423222189
Zambia,2010,Potatoes,1670.0,21.34,1020.0,21766.8,172628.0,137948.4,162228,174568.1,-7.606640037478122
Zambia,2011,Potatoes,1670.0,20.88,1020.0,21297.6,162228.0,141545.0,156005,163442.38,-4.767398480817926
Zambia,2012,Potatoes,1670.0,20.8,1020.0,21216.0,156005.0,144746.0,155862,159039.49,-2.0386559905557418
Zambia,2013,Potatoes,1670.0,20.14,1020.0,20542.8,155862.0,149554.8,158337,159452.5,-0.7045100008210337
Zambia,2009,"Rice, paddy",1670.0,20.76,1020.0,21175.2,13833.0,13060.0,16390,14229.91,13.179316656497866
Zambia,2010,"Rice, paddy",1670.0,21.34,1020.0,21766.8,16390.0,13587.8,16778,14895.65,11.219156037668379
Zambia,2011,"Rice, paddy",1670.0,20.88,1020.0,21297.6,16778.0,14370.6,17974,14799.38,17.662289974407482
Zambia,2012,"Rice, paddy",1670.0,20.8,1020.0,21216.0,17974.0,16020.2,17255,15538.45,9.948130976528539
Zambia,2013,"Rice, paddy",1670.0,20.14,1020.0,20542.8,17255.0,16446.0,11617,12713.54,-9.439097873805636
Zambia,2009,Sorghum,1670.0,20.76,1020.0,21175.2,2976.0,5992.6,6777,6090.49,10.129998524420838
Zambia,2010,Sorghum,1670.0,21.34,1020.0,21766.8,6777.0,6188.6,9593,6668.89,30.48170541019493
Zambia,2011,Sorghum,1670.0,20.88,1020.0,21297.6,9593.0,6389.6,8223,12611.62,-53.37005958895781
Zambia,2012,Sorghum,1670.0,20.8,1020.0,21216.0,8223.0,6831.6,9787,7554.41,22.811791151527537
Zambia,2013,Sorghum,1670.0,20.14,1020.0,20542.8,9787.0,7471.2,6478,10333.52,-59.51713491818463
Zambia,2009,Soybeans,1670.0,20.76,1020.0,21175.2,18642.0,15541.4,18893,19292.98,-2.117080400148201
Zambia,2010,Soybeans,1670.0,21.34,1020.0,21766.8,18893.0,16725.4,18409,19796.79,-7.538649573578146
Zambia,2011,Soybeans,1670.0,20.88,1020.0,21297.6,18409.0,17133.0,19427,15900.65,18.15179904256962
Zambia,2012,Soybeans,1670.0,20.8,1020.0,21216.0,19427.0,18276.8,23941,21155.08,11.636606658034328
Zambia,2013,Soybeans,1670.0,20.14,1020.0,20542.8,23941.0,19862.4,20909,22396.06,-7.112057008943523
Zambia,2009,Sweet potatoes,1670.0,20.76,1020.0,21175.2,35714.0,32730.4,33057,35877.36,-8.531808694073874
Zambia,2010,Sweet potatoes,1670.0,21.34,1020.0,21766.8,33057.0,31565.6,36651,33806.45,7.761179776813737
Zambia,2011,Sweet potatoes,1670.0,20.88,1020.0,21297.6,36651.0,32930.2,33930,36807.71,-8.481314470969641
Zambia,2012,Sweet potatoes,1670.0,20.8,1020.0,21216.0,33930.0,33410.8,39181,37355.6,4.658890788902789
Zambia,2013,Sweet potatoes,1670.0,20.14,1020.0,20542.8,39181.0,35706.6,38873,38340.29,1.3703856146940012
Zambia,2009,Wheat,1670.0,20.76,1020.0,21175.2,99387.0,67825.8,56991,80800.45,-41.77756136933901
Zambia,2010,Wheat,1670.0,21.34,1020.0,21766.8,56991.0,66987.8,63118,64059.65,-1.4918882093855974
Zambia,2011,Wheat,1670.0,20.88,1020.0,21297.6,63118.0,67190.6,63068,75981.75,-20.475914885520393
Zambia,2012,Wheat,1670.0,20.8,1020.0,21216.0,63068.0,68815.0,68135,76391.23,-12.117457987818296
Zambia,2013,Wheat,1670.0,20.14,1020.0,20542.8,68135.0,70139.8,65435,68530.02,-4.729915183006042
Zimbabwe,2009,Cassava,3269.99,20.52,657.0,13481.64,44259.0,43667.6,44708,45885.93,-2.6347186185917515
Zimbabwe,2010,Cassava,3305.17,21.17,657.0,13908.69,44708.0,43873.6,45152,45081.57,0.15598423104181497
Zimbabwe,2011,Cassava,3340.35,20.78,657.0,13652.460000000001,45152.0,44195.8,45589,47058.0,-3.2222685296891798
Zimbabwe,2012,Cassava,3375.53,20.52,657.0,13481.64,45589.0,44570.8,47010,47397.27,-0.8238034460752963
Zimbabwe,2013,Cassava,2550.07,19.76,657.0,12982.320000000002,47010.0,45343.6,46000,48020.99,-4.393456521739126
Zimbabwe,2009,Maize,3269.99,20.52,657.0,13481.64,2867.0,8090.0,4642,9093.64,-95.89918138733303
Zimbabwe,2010,Maize,3305.17,21.17,657.0,13908.69,4642.0,6425.4,8751,8325.62,4.860930179408059
Zimbabwe,2011,Maize,3340.35,20.78,657.0,13652.460000000001,8751.0,6936.6,6568,7091.55,-7.971224116930575
Zimbabwe,2012,Maize,3375.53,20.52,657.0,13481.64,6568.0,6295.8,7912,4313.1,45.48660262891809
Zimbabwe,2013,Maize,2550.07,19.76,657.0,12982.320000000002,7912.0,6148.0,7449,6668.46,10.478453483689085
Zimbabwe,2009,Potatoes,3269.99,20.52,657.0,13481.64,165333.0,163438.8,166136,165537.51,0.3602410073674524
Zimbabwe,2010,Potatoes,3305.17,21.17,657.0,13908.69,166136.0,164383.4,166825,165865.73,0.5750157350516946
Zimbabwe,2011,Potatoes,3340.35,20.78,657.0,13652.460000000001,166825.0,165255.6,167336,165455.72,1.123655399913945
Zimbabwe,2012,Potatoes,3375.53,20.52,657.0,13481.64,167336.0,166024.0,171875,165860.26,3.499485090909085
Zimbabwe,2013,Potatoes,2550.07,19.76,657.0,12982.320000000002,171875.0,167501.0,165714,170939.08,-3.1530709535706016
Zimbabwe,2009,"Rice, paddy",3269.99,20.52,657.0,13481.64,22951.0,23264.6,22857,24040.06,-5.175919849499065
Zimbabwe,2010,"Rice, paddy",3305.17,21.17,657.0,13908.69,22857.0,23206.2,22775,23919.22,-5.024017563117458
Zimbabwe,2011,"Rice, paddy",3340.35,20.78,657.0,13652.460000000001,22775.0,23128.2,22704,23921.26,-5.361434108527124
Zimbabwe,2012,"Rice, paddy",3375.53,20.52,657.0,13481.64,22704.0,22869.0,22581,23806.09,-5.425313316505027
Zimbabwe,2013,"Rice, paddy",2550.07,19.76,657.0,12982.320000000002,22581.0,22773.6,22581,24769.12,-9.690093441388774
Zimbabwe,2009,Sorghum,3269.99,20.52,657.0,13481.64,2577.0,3783.8,3230,4091.02,-26.656965944272443
Zimbabwe,2010,Sorghum,3305.17,21.17,657.0,13908.69,3230.0,3191.2,2702,3667.47,-35.73168023686158
Zimbabwe,2011,Sorghum,3340.35,20.78,657.0,13652.460000000001,2702.0,3186.4,2267,3494.07,-54.12748125275696
Zimbabwe,2012,Sorghum,3375.53,20.52,657.0,13481.64,2267.0,2821.6,2046,3930.65,-92.113880742913
Zimbabwe,2013,Sorghum,2550.07,19.76,657.0,12982.320000000002,2046.0,2564.4,3066,4188.4,-36.60795825179385
Zimbabwe,2009,Soybeans,3269.99,20.52,657.0,13481.64,16129.0,15893.2,15000,16459.85,-9.732333333333324
Zimbabwe,2010,Soybeans,3305.17,21.17,657.0,13908.69,15000.0,15430.4,13557,16170.53,-19.278085122077158
Zimbabwe,2011,Soybeans,3340.35,20.78,657.0,13652.460000000001,13557.0,15432.0,12054,15352.84,-27.367181018748965
Zimbabwe,2012,Soybeans,3375.53,20.52,657.0,13481.64,12054.0,14861.2,15300,11679.48,23.66352941176471
Zimbabwe,2013,Soybeans,2550.07,19.76,657.0,12982.320000000002,15300.0,14408.0,13142,15209.8,-15.734287018718607
Zimbabwe,2009,Sweet potatoes,3269.99,20.52,657.0,13481.64,21798.0,21633.2,21854,21935.14,-0.37128214514505087
Zimbabwe,2010,Sweet potatoes,3305.17,21.17,657.0,13908.69,21854.0,21728.8,21905,22222.69,-1.4503081488244634
Zimbabwe,2011,Sweet potatoes,3340.35,20.78,657.0,13652.460000000001,21905.0,21815.4,21953,22475.25,-2.378945929941238
Zimbabwe,2012,Sweet potatoes,3375.53,20.52,657.0,13481.64,21953.0,21892.2,22222,22461.3,-1.0768607686076828
Zimbabwe,2013,Sweet potatoes,2550.07,19.76,657.0,12982.320000000002,22222.0,21946.4,22222,23730.67,-6.7890828908289
Zimbabwe,2009,Wheat,3269.99,20.52,657.0,13481.64,30097.0,33219.0,30000,31800.97,-6.003233333333338
Zimbabwe,2010,Wheat,3305.17,21.17,657.0,13908.69,30000.0,32219.0,27681,32252.82,-16.51609407174596
Zimbabwe,2011,Wheat,3340.35,20.78,657.0,13652.460000000001,27681.0,30755.2,26274,30838.96,-17.37443860851031
Zimbabwe,2012,Wheat,3375.53,20.52,657.0,13481.64,26274.0,28810.0,24420,27632.91,-13.156879606879606
Zimbabwe,2013,Wheat,2550.07,19.76,657.0,12982.320000000002,24420.0,27694.4,22888,28204.46,-23.228154491436555
